country,m49,year,tonnes,flag
Angola,024,2015,71485.0,A
Angola,024,2016,73007.0,A
Angola,024,2017,48996.0,A
Angola,024,2018,50087.0,A
Angola,024,2019,51910.0,A
Angola,024,2020,52488.0,A
Angola,024,2021,53271.0,A
Angola,024,2022,55119.0,A
Angola,024,2023,58231.0,A
Angola,024,2024,61391.0,A
Argentina,032,2015,4029.92,I
Argentina,032,2016,4027.05,I
Argentina,032,2017,4033.27,I
Argentina,032,2018,4043.69,I
Argentina,032,2019,4056.69,I
Argentina,032,2020,4071.67,I
Argentina,032,2021,4101.62,I
Argentina,032,2022,4101.83,I
Argentina,032,2023,4112.63,I
Argentina,032,2024,4123.42,I
Australia,036,2015,49397.0,A
Australia,036,2016,67600.0,A
Australia,036,2017,56501.0,A
Australia,036,2018,63486.0,A
Australia,036,2019,79533.0,A
Australia,036,2020,77295.29,A
Australia,036,2021,78085.0,A
Australia,036,2022,122197.0,A
Australia,036,2023,115384.84,A
Australia,036,2024,150913.0,A
Austria,040,2018,0.0,A
Austria,040,2019,0.0,A
Austria,040,2020,0.0,A
Austria,040,2021,0.0,A
Austria,040,2022,0.0,A
Austria,040,2023,0.0,A
Austria,040,2024,0.0,A
Bahamas,044,2015,1331.8,I
Bahamas,044,2016,1363.42,I
Bahamas,044,2017,1394.98,I
Bahamas,044,2018,1426.45,I
Bahamas,044,2019,1457.91,I
Bahamas,044,2020,1426.45,E
Bahamas,044,2021,1436.94,E
Bahamas,044,2022,1440.43,E
Bahamas,044,2023,1434.6,E
Bahamas,044,2024,1437.32,E
Barbados,052,2015,493.79,I
Barbados,052,2016,494.2,I
Barbados,052,2017,494.6,I
Barbados,052,2018,495.0,I
Barbados,052,2019,497.09,I
Barbados,052,2020,499.38,I
Barbados,052,2021,501.97,I
Barbados,052,2022,504.33,I
Barbados,052,2023,510.0,A
Barbados,052,2024,508.47,I
Belgium,056,2018,0.0,A
Belgium,056,2019,0.0,A
Belgium,056,2020,0.0,A
Belgium,056,2021,0.0,A
Belgium,056,2022,0.0,A
Belgium,056,2023,0.0,A
Belgium,056,2024,0.0,A
Bhutan,064,2017,44.47,A
Bhutan,064,2018,55.16,I
Bhutan,064,2019,61.19,A
Bhutan,064,2020,111.8,A
Bhutan,064,2021,73.0,A
Bhutan,064,2022,135.83,A
Bhutan,064,2023,192.06,A
Bhutan,064,2024,247.12,A
Bolivia (Plurinational State of),068,2015,12032.0,A
Bolivia (Plurinational State of),068,2016,12497.0,A
Bolivia (Plurinational State of),068,2017,12509.0,A
Bolivia (Plurinational State of),068,2018,12452.24,A
Bolivia (Plurinational State of),068,2019,12690.0,A
Bolivia (Plurinational State of),068,2020,12477.0,A
Bolivia (Plurinational State of),068,2021,12443.24,A
Bolivia (Plurinational State of),068,2022,12514.26,A
Bolivia (Plurinational State of),068,2023,12629.53,A
Bolivia (Plurinational State of),068,2024,12523.33,A
Bosnia and Herzegovina,070,2015,1023.56,I
Bosnia and Herzegovina,070,2016,1033.85,I
Bosnia and Herzegovina,070,2017,1037.19,I
Bosnia and Herzegovina,070,2018,1037.06,I
Bosnia and Herzegovina,070,2019,1036.01,I
Bosnia and Herzegovina,070,2020,1035.14,I
Bosnia and Herzegovina,070,2021,1036.14,I
Bosnia and Herzegovina,070,2022,1038.25,I
Bosnia and Herzegovina,070,2023,1037.77,I
Bosnia and Herzegovina,070,2024,1037.29,I
Brazil,076,2015,180652.0,A
Brazil,076,2016,196545.0,A
Brazil,076,2017,212873.0,A
Brazil,076,2018,236177.0,A
Brazil,076,2019,242723.0,A
Brazil,076,2020,267059.0,A
Brazil,076,2021,300874.0,A
Brazil,076,2022,337868.0,A
Brazil,076,2023,422834.0,A
Brazil,076,2024,427457.0,A
Bulgaria,100,2018,0.0,A
Bulgaria,100,2019,0.0,A
Bulgaria,100,2020,0.0,A
Bulgaria,100,2021,0.0,A
Bulgaria,100,2022,0.0,A
Bulgaria,100,2023,0.0,A
Bulgaria,100,2024,0.0,A
Cameroon,120,2015,71719.29,I
Cameroon,120,2016,73222.4,E
Cameroon,120,2017,74133.75,I
Cameroon,120,2018,74945.87,I
Cameroon,120,2019,75953.3,I
Cameroon,120,2020,77015.05,I
Cameroon,120,2021,75971.4,E
Cameroon,120,2022,76313.25,E
Cameroon,120,2023,76433.23,E
Cameroon,120,2024,76239.3,E
Central African Republic,140,2015,6482.56,I
Central African Republic,140,2016,8800.0,E
Central African Republic,140,2017,7480.35,I
Central African Republic,140,2018,7378.38,I
Central African Republic,140,2019,7875.62,I
Central African Republic,140,2020,8571.8,I
Central African Republic,140,2021,8922.31,I
Central African Republic,140,2022,8584.58,I
Central African Republic,140,2023,8771.0,I
Central African Republic,140,2024,8976.43,I
Chile,152,2015,160000.0,E
Chile,152,2016,179000.0,E
Chile,152,2017,200000.0,E
Chile,152,2018,135000.0,E
Chile,152,2019,148345.72,I
Chile,152,2020,165007.44,I
Chile,152,2021,178233.26,I
Chile,152,2022,176911.96,I
Chile,152,2023,180769.62,I
Chile,152,2024,181306.52,I
"China, mainland",156,2015,119911.17,I
"China, mainland",156,2016,115970.39,E
"China, mainland",156,2017,113740.18,I
"China, mainland",156,2018,113120.52,I
"China, mainland",156,2019,106830.0,A
"China, mainland",156,2020,115620.0,A
"China, mainland",156,2021,124780.0,A
"China, mainland",156,2022,135860.0,A
"China, mainland",156,2023,138876.18,I
"China, mainland",156,2024,133930.62,I
Colombia,170,2015,309852.02,A
Colombia,170,2016,294389.28,A
Colombia,170,2017,308166.0,A
Colombia,170,2018,445075.0,A
Colombia,170,2019,535021.0,A
Colombia,170,2020,829146.66,A
Colombia,170,2021,979617.72,A
Colombia,170,2022,1090664.0,A
Colombia,170,2023,1085765.75,A
Colombia,170,2024,1267756.86,A
Congo,178,2015,9297.9,I
Congo,178,2016,9034.9,E
Congo,178,2017,9103.0,I
Congo,178,2018,9159.15,I
Congo,178,2019,9228.19,I
Congo,178,2020,9312.53,I
Congo,178,2021,9514.26,I
Congo,178,2022,9571.75,I
Congo,178,2023,9466.18,E
Congo,178,2024,9517.4,E
Cook Islands,184,2015,20.65,I
Cook Islands,184,2016,22.06,E
Cook Islands,184,2017,21.57,E
Cook Islands,184,2018,20.48,I
Cook Islands,184,2019,21.37,E
Cook Islands,184,2020,21.14,E
Cook Islands,184,2021,21.0,E
Cook Islands,184,2022,21.17,E
Cook Islands,184,2023,21.1,E
Cook Islands,184,2024,21.09,E
Costa Rica,188,2015,12158.0,A
Costa Rica,188,2016,12368.0,A
Costa Rica,188,2017,12368.0,A
Costa Rica,188,2018,11376.2,A
Costa Rica,188,2019,17353.9,A
Costa Rica,188,2020,13286.0,A
Costa Rica,188,2021,12996.73,A
Costa Rica,188,2022,12789.35,I
Costa Rica,188,2023,15147.09,I
Costa Rica,188,2024,15908.3,I
Côte d'Ivoire,384,2015,35252.7,I
Côte d'Ivoire,384,2016,35799.93,I
Côte d'Ivoire,384,2017,36459.99,I
Côte d'Ivoire,384,2018,37157.21,I
Côte d'Ivoire,384,2019,37881.03,I
Côte d'Ivoire,384,2020,37166.08,E
Côte d'Ivoire,384,2021,37401.44,E
Côte d'Ivoire,384,2022,37482.85,E
Côte d'Ivoire,384,2023,37350.12,E
Côte d'Ivoire,384,2024,37411.47,E
Croatia,191,2018,0.0,A
Croatia,191,2019,0.0,A
Croatia,191,2020,0.0,A
Croatia,191,2021,0.0,A
Croatia,191,2022,0.0,A
Croatia,191,2023,0.0,A
Croatia,191,2024,0.0,A
Cuba,192,2015,3357.05,I
Cuba,192,2016,3602.35,E
Cuba,192,2017,3553.13,E
Cuba,192,2018,3504.18,E
Cuba,192,2019,3553.22,E
Cuba,192,2020,3536.84,E
Cuba,192,2021,3531.41,E
Cuba,192,2022,3540.49,E
Cuba,192,2023,3536.25,E
Cuba,192,2024,3536.05,E
Cyprus,196,2015,829.0,A
Cyprus,196,2016,810.0,A
Cyprus,196,2017,717.0,A
Cyprus,196,2018,950.0,A
Cyprus,196,2019,910.0,A
Cyprus,196,2020,1160.0,A
Cyprus,196,2021,1210.0,A
Cyprus,196,2022,1310.0,A
Cyprus,196,2023,1370.0,A
Cyprus,196,2024,1420.0,A
Czechia,203,2018,0.0,A
Czechia,203,2019,0.0,A
Czechia,203,2020,0.0,A
Czechia,203,2021,0.0,A
Czechia,203,2022,0.0,A
Czechia,203,2023,0.0,A
Czechia,203,2024,0.0,A
Democratic Republic of the Congo,180,2015,63275.04,I
Democratic Republic of the Congo,180,2016,62709.21,I
Democratic Republic of the Congo,180,2017,62453.67,I
Democratic Republic of the Congo,180,2018,62292.13,I
Democratic Republic of the Congo,180,2019,62166.81,I
Democratic Republic of the Congo,180,2020,62110.61,I
Democratic Republic of the Congo,180,2021,62187.42,I
Democratic Republic of the Congo,180,2022,62229.27,I
Democratic Republic of the Congo,180,2023,62102.2,I
Democratic Republic of the Congo,180,2024,62006.08,I
Denmark,208,2018,0.0,A
Denmark,208,2019,0.0,A
Denmark,208,2020,0.0,A
Denmark,208,2021,0.0,A
Denmark,208,2022,0.0,A
Denmark,208,2023,0.0,A
Denmark,208,2024,0.0,A
Dominica,212,2015,1054.96,I
Dominica,212,2016,1070.15,I
Dominica,212,2017,1048.25,I
Dominica,212,2018,1035.14,I
Dominica,212,2019,1036.07,I
Dominica,212,2020,1043.42,I
Dominica,212,2021,1062.99,I
Dominica,212,2022,1073.97,I
Dominica,212,2023,1085.85,I
Dominica,212,2024,1097.73,I
Dominican Republic,214,2015,526438.0,A
Dominican Republic,214,2016,601349.36,A
Dominican Republic,214,2017,637688.0,A
Dominican Republic,214,2018,644602.92,A
Dominican Republic,214,2019,665652.11,A
Dominican Republic,214,2020,620086.96,A
Dominican Republic,214,2021,634368.16,A
Dominican Republic,214,2022,737200.99,A
Dominican Republic,214,2023,1016834.74,A
Dominican Republic,214,2024,1225409.37,A
Ecuador,218,2015,23858.79,I
Ecuador,218,2016,16118.41,A
Ecuador,218,2017,20995.0,A
Ecuador,218,2018,18232.0,A
Ecuador,218,2019,26407.86,A
Ecuador,218,2020,20352.48,A
Ecuador,218,2021,42492.34,A
Ecuador,218,2022,26439.99,A
Ecuador,218,2023,26523.59,A
Ecuador,218,2024,34701.05,A
Egypt,818,2021,1050.0,A
Egypt,818,2022,894.0,A
Egypt,818,2023,903.0,A
Egypt,818,2024,2025.0,A
El Salvador,222,2015,9190.0,A
El Salvador,222,2016,10537.0,A
El Salvador,222,2017,36087.59,A
El Salvador,222,2018,41011.0,A
El Salvador,222,2019,40613.0,A
El Salvador,222,2020,28558.75,A
El Salvador,222,2021,38568.15,A
El Salvador,222,2022,21377.0,A
El Salvador,222,2023,21010.17,I
El Salvador,222,2024,21332.0,A
Estonia,233,2018,0.0,A
Estonia,233,2019,0.0,A
Estonia,233,2020,0.0,A
Estonia,233,2021,0.0,A
Estonia,233,2022,0.0,A
Estonia,233,2023,0.0,A
Estonia,233,2024,0.0,A
Eswatini,748,2015,934.1,I
Eswatini,748,2016,859.74,E
Eswatini,748,2017,868.93,I
Eswatini,748,2018,884.61,I
Eswatini,748,2019,898.05,I
Eswatini,748,2020,906.14,I
Eswatini,748,2021,896.27,E
Eswatini,748,2022,900.15,E
Eswatini,748,2023,900.85,E
Eswatini,748,2024,899.09,E
Ethiopia,231,2015,59331.43,A
Ethiopia,231,2016,64982.0,A
Ethiopia,231,2017,81431.76,A
Ethiopia,231,2018,84793.65,A
Ethiopia,231,2019,104491.92,A
Ethiopia,231,2020,245335.63,A
Ethiopia,231,2021,199560.81,I
Ethiopia,231,2022,193362.51,A
Ethiopia,231,2023,212752.98,E
Ethiopia,231,2024,201892.1,E
Fiji,242,2020,160.0,A
Fiji,242,2021,251.0,A
Fiji,242,2022,263.0,A
Fiji,242,2023,211.0,A
Fiji,242,2024,285.9,A
Finland,246,2018,0.0,A
Finland,246,2019,0.0,A
Finland,246,2020,0.0,A
Finland,246,2021,0.0,A
Finland,246,2022,0.0,A
Finland,246,2023,0.0,A
Finland,246,2024,0.0,A
France,250,2015,941.0,A
France,250,2016,1925.8,A
France,250,2017,2567.8,A
France,250,2018,2460.0,A
France,250,2019,2080.0,A
France,250,2020,1080.0,A
France,250,2021,1100.0,A
France,250,2022,1080.0,A
France,250,2023,1210.0,A
France,250,2024,1480.0,A
French Polynesia,258,2015,111.1,I
French Polynesia,258,2016,114.05,I
French Polynesia,258,2017,116.19,I
French Polynesia,258,2018,118.49,I
French Polynesia,258,2019,127.0,A
French Polynesia,258,2020,100.0,A
French Polynesia,258,2021,151.0,A
French Polynesia,258,2022,130.0,A
French Polynesia,258,2023,114.91,A
French Polynesia,258,2024,130.87,I
Germany,276,2018,0.0,A
Germany,276,2019,0.0,A
Germany,276,2020,0.0,A
Germany,276,2021,0.0,A
Germany,276,2022,0.0,A
Germany,276,2023,0.0,A
Germany,276,2024,0.0,A
Ghana,288,2015,8801.59,I
Ghana,288,2016,8949.59,I
Ghana,288,2017,9090.98,I
Ghana,288,2018,9212.29,I
Ghana,288,2019,9316.76,I
Ghana,288,2020,9407.24,I
Ghana,288,2021,9509.21,I
Ghana,288,2022,9411.07,E
Ghana,288,2023,9442.5,E
Ghana,288,2024,9454.26,E
Greece,300,2015,1542.47,A
Greece,300,2016,1731.43,A
Greece,300,2017,1756.0,A
Greece,300,2018,6530.0,A
Greece,300,2019,9380.0,A
Greece,300,2020,9570.0,A
Greece,300,2021,12760.0,A
Greece,300,2022,13890.0,A
Greece,300,2023,15950.0,A
Greece,300,2024,11120.0,A
Grenada,308,2015,1553.1,I
Grenada,308,2016,1549.0,I
Grenada,308,2017,1548.2,I
Grenada,308,2018,1547.92,I
Grenada,308,2019,1547.53,I
Grenada,308,2020,1549.18,I
Grenada,308,2021,1552.38,I
Grenada,308,2022,1551.85,I
Grenada,308,2023,1551.32,I
Grenada,308,2024,704.94,E
Guatemala,320,2015,115099.06,A
Guatemala,320,2016,122184.18,A
Guatemala,320,2017,127480.0,A
Guatemala,320,2018,134353.0,A
Guatemala,320,2019,128422.0,A
Guatemala,320,2020,132909.0,A
Guatemala,320,2021,135671.0,A
Guatemala,320,2022,110218.0,A
Guatemala,320,2023,114689.0,A
Guatemala,320,2024,117248.04,I
Guyana,328,2015,460.0,A
Guyana,328,2016,1383.0,A
Guyana,328,2017,5874.0,A
Guyana,328,2018,8586.0,A
Guyana,328,2019,9212.72,A
Guyana,328,2020,8114.94,I
Guyana,328,2021,7023.19,I
Guyana,328,2022,6000.0,E
Guyana,328,2023,6500.0,E
Guyana,328,2024,6835.74,I
Haiti,332,2015,188902.48,I
Haiti,332,2016,352139.0,A
Haiti,332,2017,300031.45,I
Haiti,332,2018,254825.0,A
Haiti,332,2019,198976.0,A
Haiti,332,2020,171984.0,A
Haiti,332,2021,170000.0,E
Haiti,332,2022,170861.16,I
Haiti,332,2023,194724.93,I
Haiti,332,2024,197248.94,I
Honduras,340,2015,1600.17,A
Honduras,340,2016,2960.17,A
Honduras,340,2017,1846.7,E
Honduras,340,2018,2135.68,E
Honduras,340,2019,2314.19,E
Honduras,340,2020,2262.78,I
Honduras,340,2021,2182.46,I
Honduras,340,2022,2212.73,I
Honduras,340,2023,2221.89,I
Honduras,340,2024,2231.05,I
Hungary,348,2018,0.0,A
Hungary,348,2019,0.0,A
Hungary,348,2020,0.0,A
Hungary,348,2021,0.0,A
Hungary,348,2022,0.0,A
Hungary,348,2023,0.0,A
Hungary,348,2024,0.0,A
Indonesia,360,2015,382530.0,A
Indonesia,360,2016,304938.0,A
Indonesia,360,2017,363157.0,A
Indonesia,360,2018,410084.0,A
Indonesia,360,2019,461613.0,A
Indonesia,360,2020,609049.0,A
Indonesia,360,2021,669000.0,A
Indonesia,360,2022,866000.0,A
Indonesia,360,2023,874046.49,A
Indonesia,360,2024,919508.56,A
Ireland,372,2018,0.0,A
Ireland,372,2019,0.0,A
Ireland,372,2020,0.0,A
Ireland,372,2021,0.0,A
Ireland,372,2022,0.0,A
Ireland,372,2023,0.0,A
Ireland,372,2024,0.0,A
Israel,376,2015,93000.0,A
Israel,376,2016,101500.0,A
Israel,376,2017,110000.0,A
Israel,376,2018,131720.0,A
Israel,376,2019,138766.0,A
Israel,376,2020,147000.0,A
Israel,376,2021,165000.0,A
Israel,376,2022,189667.0,A
Israel,376,2023,177001.0,A
Israel,376,2024,246971.0,A
Italy,380,2018,0.0,A
Italy,380,2019,0.0,A
Italy,380,2020,0.0,A
Italy,380,2021,0.0,A
Italy,380,2022,0.0,A
Italy,380,2023,0.0,A
Italy,380,2024,0.0,A
Jamaica,388,2015,2533.21,I
Jamaica,388,2016,2446.72,I
Jamaica,388,2017,2526.64,E
Jamaica,388,2018,2455.91,I
Jamaica,388,2019,2400.01,I
Jamaica,388,2020,2460.85,E
Jamaica,388,2021,2438.92,E
Jamaica,388,2022,2433.26,E
Jamaica,388,2023,2444.35,E
Jamaica,388,2024,2438.84,E
Kenya,404,2015,136420.0,A
Kenya,404,2016,176045.0,A
Kenya,404,2017,217688.11,A
Kenya,404,2018,233932.56,A
Kenya,404,2019,264031.53,A
Kenya,404,2020,322556.22,A
Kenya,404,2021,416802.72,A
Kenya,404,2022,441600.0,A
Kenya,404,2023,598366.0,A
Kenya,404,2024,585000.0,X
Latvia,428,2018,0.0,A
Latvia,428,2019,0.0,A
Latvia,428,2020,0.0,A
Latvia,428,2021,0.0,A
Latvia,428,2022,0.0,A
Latvia,428,2023,0.0,A
Latvia,428,2024,0.0,A
Lebanon,422,2015,21433.0,X
Lebanon,422,2016,18695.0,A
Lebanon,422,2017,19193.0,A
Lebanon,422,2018,16031.0,X
Lebanon,422,2019,23495.0,X
Lebanon,422,2020,26586.0,X
Lebanon,422,2021,26169.0,X
Lebanon,422,2022,60075.0,X
Lebanon,422,2023,119467.0,X
Lebanon,422,2024,136500.0,X
Lithuania,440,2018,0.0,A
Lithuania,440,2019,0.0,A
Lithuania,440,2020,0.0,A
Lithuania,440,2021,0.0,A
Lithuania,440,2022,0.0,A
Lithuania,440,2023,0.0,A
Lithuania,440,2024,0.0,A
Luxembourg,442,2018,0.0,A
Luxembourg,442,2019,0.0,A
Luxembourg,442,2020,0.0,A
Luxembourg,442,2021,0.0,A
Luxembourg,442,2022,0.0,A
Luxembourg,442,2023,0.0,A
Luxembourg,442,2024,0.0,A
Madagascar,450,2015,26228.2,I
Madagascar,450,2016,26368.73,I
Madagascar,450,2017,26544.88,I
Madagascar,450,2018,26743.92,I
Madagascar,450,2019,26999.7,I
Madagascar,450,2020,27266.03,I
Madagascar,450,2021,27472.11,I
Madagascar,450,2022,27559.88,I
Madagascar,450,2023,27731.19,I
Madagascar,450,2024,27904.42,I
Malawi,454,2015,95337.0,A
Malawi,454,2016,86769.0,A
Malawi,454,2017,97358.0,A
Malawi,454,2018,92239.0,A
Malawi,454,2019,112429.0,A
Malawi,454,2020,113982.0,A
Malawi,454,2021,104197.0,A
Malawi,454,2022,124237.0,A
Malawi,454,2023,117768.0,A
Malawi,454,2024,122546.71,I
Malaysia,458,2018,223.0,A
Malaysia,458,2019,122.0,A
Malaysia,458,2020,210.0,A
Malaysia,458,2021,268.6,A
Malaysia,458,2022,458.09,A
Malaysia,458,2023,402.9,A
Malaysia,458,2024,557.3,A
Malta,470,2018,0.0,A
Malta,470,2019,0.0,A
Malta,470,2020,0.0,A
Malta,470,2021,0.0,A
Malta,470,2022,0.0,A
Malta,470,2023,0.0,A
Malta,470,2024,0.0,A
Mauritius,480,2022,270.0,A
Mauritius,480,2023,280.0,A
Mauritius,480,2024,295.0,A
Mexico,484,2015,1644225.86,A
Mexico,484,2016,1889353.51,A
Mexico,484,2017,2029885.85,A
Mexico,484,2018,2184663.07,A
Mexico,484,2019,2300888.9,A
Mexico,484,2020,2393848.57,A
Mexico,484,2021,2442944.64,A
Mexico,484,2022,2540715.37,A
Mexico,484,2023,2973344.42,A
Mexico,484,2024,2761327.85,A
Morocco,504,2015,42732.0,A
Morocco,504,2016,42256.0,A
Morocco,504,2017,41695.34,A
Morocco,504,2018,51170.0,A
Morocco,504,2019,54576.0,A
Morocco,504,2020,69940.0,A
Morocco,504,2021,82369.0,A
Morocco,504,2022,98720.0,A
Morocco,504,2023,118416.0,A
Morocco,504,2024,126207.0,A
Netherlands (Kingdom of the),528,2018,0.0,A
Netherlands (Kingdom of the),528,2019,0.0,A
Netherlands (Kingdom of the),528,2020,0.0,A
Netherlands (Kingdom of the),528,2021,0.0,A
Netherlands (Kingdom of the),528,2022,0.0,A
Netherlands (Kingdom of the),528,2023,0.0,A
Netherlands (Kingdom of the),528,2024,0.0,A
New Zealand,554,2015,29000.0,E
New Zealand,554,2016,35000.0,E
New Zealand,554,2017,27000.0,E
New Zealand,554,2018,32864.71,I
New Zealand,554,2019,34350.95,I
New Zealand,554,2020,38262.24,I
New Zealand,554,2021,39367.69,I
New Zealand,554,2022,42301.57,I
New Zealand,554,2023,43084.73,I
New Zealand,554,2024,36012.69,I
Palestine,275,2015,625.94,I
Palestine,275,2016,676.57,I
Palestine,275,2017,718.73,I
Palestine,275,2018,800.0,E
Palestine,275,2019,1856.49,I
Palestine,275,2020,4446.54,I
Palestine,275,2021,6931.0,A
Palestine,275,2022,7000.0,E
Panama,591,2015,8115.0,A
Panama,591,2016,8195.0,A
Panama,591,2017,8276.0,A
Panama,591,2018,8358.0,A
Panama,591,2019,10781.0,A
Panama,591,2020,13000.0,A
Panama,591,2021,10593.0,A
Panama,591,2022,12262.0,A
Panama,591,2023,11870.0,A
Panama,591,2024,12105.0,A
Paraguay,600,2015,14032.34,I
Paraguay,600,2016,15419.86,E
Paraguay,600,2017,15660.77,I
Paraguay,600,2018,15037.66,E
Paraguay,600,2019,14831.93,I
Paraguay,600,2020,14685.21,I
Paraguay,600,2021,15030.29,I
Paraguay,600,2022,15035.94,I
Paraguay,600,2023,15047.82,I
Paraguay,600,2024,15059.7,I
Peru,604,2015,367110.0,A
Peru,604,2016,455394.17,A
Peru,604,2017,466796.0,A
Peru,604,2018,504839.74,A
Peru,604,2019,571991.85,A
Peru,604,2020,672232.24,A
Peru,604,2021,776650.96,A
Peru,604,2022,798319.12,A
Peru,604,2023,872133.76,A
Peru,604,2024,919601.78,A
Philippines,608,2015,19994.89,A
Philippines,608,2016,19571.85,A
Philippines,608,2017,19439.95,A
Philippines,608,2018,19442.64,A
Philippines,608,2019,19596.88,A
Philippines,608,2020,20054.72,A
Philippines,608,2021,19874.96,A
Philippines,608,2022,20076.47,A
Philippines,608,2023,18884.84,A
Philippines,608,2024,18507.93,A
Poland,616,2018,0.0,A
Poland,616,2019,0.0,A
Poland,616,2020,0.0,A
Poland,616,2021,0.0,A
Poland,616,2022,0.0,A
Poland,616,2023,0.0,A
Poland,616,2024,0.0,A
Portugal,620,2019,13370.0,A
Portugal,620,2020,16560.0,A
Portugal,620,2021,20170.0,A
Portugal,620,2022,25790.0,A
Portugal,620,2023,33580.0,A
Portugal,620,2024,40480.0,A
Puerto Rico,630,2015,438.4,A
Puerto Rico,630,2016,651.16,I
Puerto Rico,630,2017,584.15,I
Puerto Rico,630,2018,431.0,E
Puerto Rico,630,2019,652.43,I
Puerto Rico,630,2020,839.41,I
Puerto Rico,630,2021,990.7,I
Puerto Rico,630,2022,1617.0,E
Puerto Rico,630,2023,1181.5,I
Puerto Rico,630,2024,819.93,I
Romania,642,2018,0.0,A
Romania,642,2019,0.0,A
Romania,642,2020,0.0,A
Romania,642,2021,0.0,A
Romania,642,2022,0.0,A
Romania,642,2023,0.0,A
Romania,642,2024,0.0,A
Rwanda,646,2015,9200.0,E
Rwanda,646,2016,9295.82,A
Rwanda,646,2017,6912.43,A
Rwanda,646,2018,8597.46,A
Rwanda,646,2019,6600.51,A
Rwanda,646,2020,6477.49,A
Rwanda,646,2021,5950.33,A
Rwanda,646,2022,5837.62,A
Rwanda,646,2023,6766.8,A
Rwanda,646,2024,9464.07,A
Saint Lucia,662,2015,228.9,I
Saint Lucia,662,2016,249.59,I
Saint Lucia,662,2017,287.0,A
Saint Lucia,662,2018,335.0,A
Saint Lucia,662,2019,344.0,A
Saint Lucia,662,2020,265.0,A
Saint Lucia,662,2021,304.0,A
Saint Lucia,662,2022,340.0,A
Saint Lucia,662,2023,246.0,A
Saint Lucia,662,2024,241.22,I
Samoa,882,2015,1339.88,I
Samoa,882,2016,1366.29,I
Samoa,882,2017,1398.99,I
Samoa,882,2018,1431.84,I
Samoa,882,2019,1464.21,I
Samoa,882,2020,1431.68,E
Samoa,882,2021,1442.58,E
Samoa,882,2022,1446.16,E
Samoa,882,2023,1440.14,E
Samoa,882,2024,1442.96,E
Seychelles,690,2015,12.58,I
Seychelles,690,2016,12.43,I
Seychelles,690,2017,12.37,I
Seychelles,690,2018,12.36,I
Seychelles,690,2019,12.35,I
Seychelles,690,2020,12.36,I
Seychelles,690,2021,12.42,I
Seychelles,690,2022,12.48,I
Seychelles,690,2023,12.49,I
Seychelles,690,2024,12.5,I
Slovakia,703,2018,0.0,A
Slovakia,703,2019,0.0,A
Slovakia,703,2020,0.0,A
Slovakia,703,2021,0.0,A
Slovakia,703,2022,0.0,A
Slovakia,703,2023,0.0,A
Slovakia,703,2024,0.0,A
Slovenia,705,2018,0.0,A
Slovenia,705,2019,0.0,A
Slovenia,705,2020,0.0,A
Slovenia,705,2021,0.0,A
Slovenia,705,2022,0.0,A
Slovenia,705,2023,0.0,A
Slovenia,705,2024,0.0,A
South Africa,710,2015,86189.0,A
South Africa,710,2016,89546.0,A
South Africa,710,2017,63045.0,A
South Africa,710,2018,127568.0,A
South Africa,710,2019,83623.0,A
South Africa,710,2020,84775.0,A
South Africa,710,2021,82677.0,A
South Africa,710,2022,103601.68,A
South Africa,710,2023,108880.28,A
South Africa,710,2024,123448.18,A
Spain,724,2015,86636.0,A
Spain,724,2016,91509.0,A
Spain,724,2017,92936.0,A
Spain,724,2018,89590.0,A
Spain,724,2019,97730.0,A
Spain,724,2020,99070.0,A
Spain,724,2021,116770.0,A
Spain,724,2022,105930.0,A
Spain,724,2023,86800.0,A
Spain,724,2024,112360.0,A
Sri Lanka,144,2015,18000.0,E
Sri Lanka,144,2016,15651.0,A
Sri Lanka,144,2017,13773.0,A
Sri Lanka,144,2018,22744.0,A
Sri Lanka,144,2019,22446.0,A
Sri Lanka,144,2020,19274.0,A
Sri Lanka,144,2021,14941.0,A
Sri Lanka,144,2022,14245.0,A
Sri Lanka,144,2023,12238.0,A
Sri Lanka,144,2024,12867.0,A
Suriname,740,2019,57.0,A
Suriname,740,2020,111.0,A
Suriname,740,2021,85.0,A
Suriname,740,2022,147.0,A
Suriname,740,2023,74.0,A
Suriname,740,2024,102.19,I
Sweden,752,2018,0.0,A
Sweden,752,2019,0.0,A
Sweden,752,2020,0.0,A
Sweden,752,2021,0.0,A
Sweden,752,2022,0.0,A
Sweden,752,2023,0.0,A
Sweden,752,2024,0.0,A
Timor-Leste,626,2015,4443.93,I
Timor-Leste,626,2016,4280.52,E
Timor-Leste,626,2017,4305.08,I
Timor-Leste,626,2018,4378.58,I
Timor-Leste,626,2019,4460.59,I
Timor-Leste,626,2020,4541.17,I
Timor-Leste,626,2021,4460.11,E
Timor-Leste,626,2022,4487.29,E
Timor-Leste,626,2023,4496.19,E
Timor-Leste,626,2024,4481.2,E
Trinidad and Tobago,780,2015,61.76,I
Trinidad and Tobago,780,2016,60.52,I
Trinidad and Tobago,780,2017,59.26,I
Trinidad and Tobago,780,2018,58.0,A
Trinidad and Tobago,780,2019,57.0,A
Trinidad and Tobago,780,2020,58.09,E
Trinidad and Tobago,780,2021,57.7,E
Trinidad and Tobago,780,2022,57.59,E
Trinidad and Tobago,780,2023,57.79,E
Trinidad and Tobago,780,2024,57.69,E
Tunisia,788,2015,317.6,I
Tunisia,788,2016,323.41,I
Tunisia,788,2017,329.16,I
Tunisia,788,2018,334.97,I
Tunisia,788,2019,340.82,I
Tunisia,788,2020,334.98,E
Tunisia,788,2021,336.92,E
Tunisia,788,2022,337.57,E
Tunisia,788,2023,336.49,E
Tunisia,788,2024,337.0,E
Türkiye,792,2015,1850.0,A
Türkiye,792,2016,1950.0,A
Türkiye,792,2017,2765.0,A
Türkiye,792,2018,3164.0,A
Türkiye,792,2019,4209.0,A
Türkiye,792,2020,5923.0,A
Türkiye,792,2021,9081.0,A
Türkiye,792,2022,40181.0,A
Türkiye,792,2023,38462.0,A
Türkiye,792,2024,64500.0,A
United States of America,840,2015,207750.0,A
United States of America,840,2016,125237.0,A
United States of America,840,2017,170260.0,A
United States of America,840,2018,168530.0,A
United States of America,840,2019,122669.56,A
United States of America,840,2020,187433.49,A
United States of America,840,2021,137060.0,A
United States of America,840,2022,142290.0,A
United States of America,840,2023,116890.0,A
United States of America,840,2024,178780.0,A
Vanuatu,548,2022,5606.0,A
Vanuatu,548,2023,5600.0,E
Vanuatu,548,2024,5600.0,E
Venezuela (Bolivarian Republic of),862,2015,128601.0,A
Venezuela (Bolivarian Republic of),862,2016,130635.09,A
Venezuela (Bolivarian Republic of),862,2017,143229.0,A
Venezuela (Bolivarian Republic of),862,2018,118017.0,A
Venezuela (Bolivarian Republic of),862,2019,130109.0,A
Venezuela (Bolivarian Republic of),862,2020,128694.42,A
Venezuela (Bolivarian Republic of),862,2021,128025.0,A
Venezuela (Bolivarian Republic of),862,2022,128611.0,A
Venezuela (Bolivarian Republic of),862,2023,126319.0,A
Venezuela (Bolivarian Republic of),862,2024,127456.34,I
Viet Nam,704,2018,77874.0,A
Viet Nam,704,2019,110520.0,A
Viet Nam,704,2020,158889.0,A
Viet Nam,704,2021,213006.81,A
Viet Nam,704,2022,210544.36,A
Viet Nam,704,2023,189437.05,A
Viet Nam,704,2024,191662.0,A
Zimbabwe,716,2015,34549.08,I
Zimbabwe,716,2016,36405.13,I
Zimbabwe,716,2017,38266.1,I
Zimbabwe,716,2018,47370.0,A
Zimbabwe,716,2019,59488.0,A
Zimbabwe,716,2020,84091.0,A
Zimbabwe,716,2021,93280.0,A
Zimbabwe,716,2022,96348.0,A
Zimbabwe,716,2023,100954.18,I
Zimbabwe,716,2024,125028.0,A
