origin,originM49,destination,destinationM49,tonnes,flag
Mexico,484,United States of America,840,1025673.87,A
Peru,604,Netherlands (Kingdom of the),528,184442.33,A
Peru,604,Spain,724,123627.46,A
Netherlands (Kingdom of the),528,Germany,276,115182.17,A
Mexico,484,Canada,124,79353.4,A
Peru,604,Chile,152,67156.92,A
Peru,604,United States of America,840,67082.16,A
Netherlands (Kingdom of the),528,France,250,66803.68,A
South Africa,710,Netherlands (Kingdom of the),528,61432.31,I
Colombia,170,Netherlands (Kingdom of the),528,60203.63,A
Spain,724,France,250,56431.79,A
United States of America,840,Canada,124,55881.23,A
Israel,376,France,250,48710.6,A
Dominican Republic,214,United States of America,840,44159.33,A
Peru,604,United Kingdom of Great Britain and Northern Ireland,826,41653.42,A
Netherlands (Kingdom of the),528,Spain,724,34002.04,A
Mexico,484,Japan,392,33992.19,A
Colombia,170,United States of America,840,30207.54,A
Peru,604,"China, mainland",156,26873.55,A
Chile,152,Netherlands (Kingdom of the),528,25547.35,A
Spain,724,Netherlands (Kingdom of the),528,23637.62,A
Netherlands (Kingdom of the),528,Belgium,056,22484.55,A
Netherlands (Kingdom of the),528,Poland,616,22002.28,A
Israel,376,Russian Federation,643,21376.5,A
Netherlands (Kingdom of the),528,Russian Federation,643,21150.43,A
France,250,Netherlands (Kingdom of the),528,19216.01,A
Spain,724,Germany,276,18361.48,A
Chile,152,Spain,724,16712.82,A
Chile,152,Argentina,032,16473.1,A
Mexico,484,El Salvador,222,16429.2,A
Israel,376,Slovenia,705,15817.4,A
Uganda,800,Kenya,404,15536.7,A
"China, Hong Kong SAR",344,"China, mainland",156,15368.9,A
Netherlands (Kingdom of the),528,Denmark,208,14925.0,A
Netherlands (Kingdom of the),528,Sweden,752,14417.05,A
Mexico,484,Honduras,340,14079.1,A
Netherlands (Kingdom of the),528,Norway,578,13343.68,A
Netherlands (Kingdom of the),528,Italy,380,13187.21,A
Chile,152,United Kingdom of Great Britain and Northern Ireland,826,13018.64,A
Netherlands (Kingdom of the),528,Switzerland,756,12921.37,A
Peru,604,Russian Federation,643,12240.8,A
Netherlands (Kingdom of the),528,Romania,642,12164.73,A
United Republic of Tanzania,834,Netherlands (Kingdom of the),528,11738.3,A
Netherlands (Kingdom of the),528,United Kingdom of Great Britain and Northern Ireland,826,11639.11,A
Côte d'Ivoire,384,Mali,466,11560.7,A
Colombia,170,Spain,724,11545.72,A
Peru,604,"China, Hong Kong SAR",344,11541.38,A
Colombia,170,United Kingdom of Great Britain and Northern Ireland,826,11506.61,A
South Africa,710,United Kingdom of Great Britain and Northern Ireland,826,11242.91,I
Peru,604,Japan,392,10838.53,A
New Zealand,554,Australia,036,10443.39,A
Spain,724,Morocco,504,9947.89,A
Colombia,170,Belgium,056,9867.96,A
Brazil,076,Netherlands (Kingdom of the),528,8975.48,A
United Republic of Tanzania,834,India,356,8488.56,A
France,250,Italy,380,8346.35,A
Mexico,484,Costa Rica,188,8331.77,A
Israel,376,United Kingdom of Great Britain and Northern Ireland,826,8308.22,A
Spain,724,Portugal,620,7578.44,A
Chile,152,"China, mainland",156,7527.25,A
Netherlands (Kingdom of the),528,Austria,040,7496.32,A
Portugal,620,Spain,724,7439.77,A
Peru,604,Italy,380,7424.54,A
France,250,Spain,724,7296.32,A
Chile,152,Germany,276,7254.39,A
Australia,036,"China, Hong Kong SAR",344,7069.95,A
Myanmar,104,Thailand,764,7055.5,A
Netherlands (Kingdom of the),528,Czechia,203,6624.51,A
Slovenia,705,Poland,616,6366.63,A
Netherlands (Kingdom of the),528,Lithuania,440,6327.94,A
Zimbabwe,716,South Africa,710,6255.08,A
Chile,152,United States of America,840,5901.34,A
Dominican Republic,214,Netherlands (Kingdom of the),528,5828.84,A
Poland,616,Ukraine,804,5664.76,A
Netherlands (Kingdom of the),528,Hungary,348,5591.44,A
Israel,376,Netherlands (Kingdom of the),528,5458.52,A
Netherlands (Kingdom of the),528,Greece,300,5408.21,A
United Republic of Tanzania,834,United Arab Emirates,784,5317.69,A
Brazil,076,Argentina,032,5292.63,A
Netherlands (Kingdom of the),528,Ukraine,804,5291.33,A
Netherlands (Kingdom of the),528,Ireland,372,5197.93,A
Colombia,170,"China, mainland",156,5126.4,A
Peru,604,Republic of Korea,410,5028.94,A
Spain,724,United Kingdom of Great Britain and Northern Ireland,826,4782.63,A
Brazil,076,Spain,724,4675.45,A
Israel,376,Italy,380,4670.78,A
South Africa,710,Russian Federation,643,4669.72,A
Belgium,056,Russian Federation,643,4459.89,A
France,250,Switzerland,756,4440.21,A
Netherlands (Kingdom of the),528,Türkiye,792,4322.14,A
Belgium,056,Netherlands (Kingdom of the),528,4282.12,A
Australia,036,Singapore,702,4239.13,A
Germany,276,Poland,616,4237.46,A
United Kingdom of Great Britain and Northern Ireland,826,Netherlands (Kingdom of the),528,4105.2,A
Mexico,484,Spain,724,3944.77,A
Chile,152,Italy,380,3936.56,A
Guatemala,320,Netherlands (Kingdom of the),528,3899.35,A
Colombia,170,Germany,276,3826.48,A
Spain,724,Italy,380,3674.08,A
Netherlands (Kingdom of the),528,Bulgaria,100,3505.54,A
Dominican Republic,214,Panama,591,3503.09,A
Côte d'Ivoire,384,Burkina Faso,854,3480.7,A
France,250,Germany,276,3398.81,A
Mexico,484,United Arab Emirates,784,3275.97,A
Slovenia,705,Netherlands (Kingdom of the),528,3273.9,A
Australia,036,Malaysia,458,2992.69,A
United Kingdom of Great Britain and Northern Ireland,826,Spain,724,2978.49,A
Dominican Republic,214,Spain,724,2938.83,A
Colombia,170,France,250,2906.0,A
Netherlands (Kingdom of the),528,Latvia,428,2847.5,A
Peru,604,Costa Rica,188,2823.12,A
Israel,376,Germany,276,2710.23,A
Guatemala,320,Honduras,340,2708.4,A
Hungary,348,Romania,642,2627.22,A
United Kingdom of Great Britain and Northern Ireland,826,Ireland,372,2543.01,A
Germany,276,Austria,040,2540.89,A
Chile,152,France,250,2474.41,A
Spain,724,Austria,040,2402.56,A
Israel,376,Poland,616,2392.39,A
Slovenia,705,Germany,276,2382.65,A
Netherlands (Kingdom of the),528,Finland,246,2254.6,A
Peru,604,Colombia,170,2251.12,A
Spain,724,Poland,616,2219.26,A
Peru,604,Canada,124,2204.99,A
South Africa,710,Philippines,608,2192.72,A
New Zealand,554,Republic of Korea,410,2112.7,A
Dominican Republic,214,France,250,2061.9,A
Belgium,056,France,250,2037.17,A
Netherlands (Kingdom of the),528,Republic of Moldova,498,2029.99,A
Denmark,208,Sweden,752,2023.11,A
Netherlands (Kingdom of the),528,Slovakia,703,2009.39,A
South Africa,710,Germany,276,1990.18,A
Uganda,800,Qatar,634,1908.1,A
Guatemala,320,El Salvador,222,1859.15,A
Uganda,800,Oman,512,1821.83,A
Netherlands (Kingdom of the),528,Serbia,688,1743.47,A
Chile,152,Republic of Korea,410,1723.75,A
Germany,276,Finland,246,1711.99,A
Chile,152,Uruguay,858,1699.32,A
Netherlands (Kingdom of the),528,Belarus,112,1664.06,A
Germany,276,Sweden,752,1628.64,A
Spain,724,Romania,642,1601.69,A
New Zealand,554,"China, Hong Kong SAR",344,1570.1,A
United Republic of Tanzania,834,France,250,1555.76,A
Uganda,800,United Arab Emirates,784,1503.02,A
Lebanon,422,Egypt,818,1494.14,I
Brazil,076,United Kingdom of Great Britain and Northern Ireland,826,1450.84,A
South Africa,710,Spain,724,1441.39,A
Spain,724,Denmark,208,1437.28,A
Spain,724,Belgium,056,1413.18,A
Brazil,076,Bolivia (Plurinational State of),068,1383.49,A
Denmark,208,Finland,246,1364.93,A
Portugal,620,France,250,1359.3,A
France,250,Poland,616,1356.4,A
Netherlands (Kingdom of the),528,Iceland,352,1310.26,A
Germany,276,Netherlands (Kingdom of the),528,1304.88,A
Lebanon,422,France,250,1285.13,I
Germany,276,Switzerland,756,1281.55,A
Dominican Republic,214,Costa Rica,188,1245.3,A
Spain,724,Finland,246,1232.76,A
Netherlands (Kingdom of the),528,Croatia,191,1217.83,A
Mozambique,508,Netherlands (Kingdom of the),528,1204.66,A
United Republic of Tanzania,834,South Africa,710,1192.69,A
Lithuania,440,Belarus,112,1183.91,A
New Zealand,554,"China, mainland",156,1182.56,A
Mexico,484,Netherlands (Kingdom of the),528,1177.76,A
Brazil,076,France,250,1173.0,A
Netherlands (Kingdom of the),528,Georgia,268,1144.04,A
Dominican Republic,214,Trinidad and Tobago,780,1126.59,A
Belgium,056,Finland,246,1126.28,A
Brazil,076,Uruguay,858,1117.68,A
Türkiye,792,Georgia,268,1112.29,A
Italy,380,France,250,1109.21,A
Mexico,484,Kuwait,414,1059.4,A
Netherlands (Kingdom of the),528,Portugal,620,1055.5,A
Israel,376,Greece,300,1042.48,A
France,250,Belgium,056,1037.46,A
Belgium,056,Sweden,752,966.38,A
New Zealand,554,Thailand,764,964.74,A
South Africa,710,United Arab Emirates,784,962.56,A
Germany,276,Spain,724,940.97,A
Ecuador,218,Colombia,170,935.6,A
Lebanon,422,Türkiye,792,931.56,I
Mexico,484,Guatemala,320,919.15,A
Guatemala,320,United Kingdom of Great Britain and Northern Ireland,826,916.45,A
Dominican Republic,214,United Kingdom of Great Britain and Northern Ireland,826,911.17,A
Peru,604,Guatemala,320,901.63,A
Netherlands (Kingdom of the),528,Estonia,233,899.58,A
Germany,276,Hungary,348,899.02,A
New Zealand,554,"China, Taiwan Province of",158,891.58,A
South Africa,710,Portugal,620,865.37,A
Germany,276,Slovakia,703,850.79,A
New Zealand,554,Canada,124,845.08,A
Colombia,170,Italy,380,833.86,A
Peru,604,Morocco,504,830.81,A
Latvia,428,Estonia,233,830.51,A
Spain,724,Czechia,203,823.86,A
France,250,Luxembourg,442,822.4,A
Portugal,620,Netherlands (Kingdom of the),528,811.71,A
Germany,276,Czechia,203,800.71,A
Chile,152,Switzerland,756,796.33,A
Netherlands (Kingdom of the),528,Cyprus,196,788.12,A
Germany,276,Denmark,208,784.91,A
Mozambique,508,South Africa,710,771.85,A
Israel,376,Ukraine,804,756.32,A
Greece,300,Bulgaria,100,735.26,A
Chile,152,Costa Rica,188,733.44,A
Chile,152,Brazil,076,733.06,A
Chile,152,Australia,036,730.27,A
Germany,276,Slovenia,705,716.47,A
Belgium,056,Spain,724,713.9,A
United Republic of Tanzania,834,United Kingdom of Great Britain and Northern Ireland,826,703.4,A
Netherlands (Kingdom of the),528,Saudi Arabia,682,702.9,A
Lebanon,422,Jordan,400,680.69,I
United Republic of Tanzania,834,Spain,724,676.05,A
Spain,724,Hungary,348,673.53,A
Peru,604,France,250,667.36,A
Peru,604,Argentina,032,666.62,A
New Zealand,554,Japan,392,665.52,A
United Republic of Tanzania,834,Kenya,404,663.92,A
United States of America,840,Republic of Korea,410,650.56,A
Guatemala,320,Spain,724,647.96,A
Netherlands (Kingdom of the),528,Malta,470,642.72,A
Australia,036,United Arab Emirates,784,641.4,A
United Republic of Tanzania,834,Saudi Arabia,682,624.11,A
Malaysia,458,Thailand,764,614.75,A
Mexico,484,Bahrain,048,613.98,A
Belgium,056,Germany,276,607.09,A
Chile,152,Belgium,056,602.11,A
Greece,300,Albania,008,599.76,A
Singapore,702,Malaysia,458,599.22,A
Spain,724,Greece,300,596.35,A
Germany,276,France,250,595.95,A
United States of America,840,United Arab Emirates,784,581.65,A
Lithuania,440,Russian Federation,643,580.0,A
Guatemala,320,France,250,567.57,A
Australia,036,India,356,566.75,A
Italy,380,Slovenia,705,565.78,A
Uganda,800,United Kingdom of Great Britain and Northern Ireland,826,560.88,A
Netherlands (Kingdom of the),528,United Arab Emirates,784,556.5,A
Ecuador,218,Netherlands (Kingdom of the),528,547.86,A
Australia,036,Japan,392,547.71,A
Mozambique,508,United Kingdom of Great Britain and Northern Ireland,826,542.89,A
Germany,276,Latvia,428,541.31,A
Ecuador,218,Spain,724,527.53,A
New Zealand,554,Singapore,702,520.17,A
Denmark,208,Norway,578,515.36,A
South Africa,710,Namibia,516,513.12,A
Colombia,170,Canada,124,497.92,A
Belgium,056,Luxembourg,442,489.01,A
Belgium,056,Norway,578,488.65,A
Australia,036,Thailand,764,480.82,A
Hungary,348,Bulgaria,100,479.2,A
United States of America,840,Kuwait,414,468.38,A
Italy,380,Spain,724,462.85,A
Netherlands (Kingdom of the),528,Azerbaijan,031,441.08,A
Czechia,203,Bulgaria,100,436.98,A
Mexico,484,"China, mainland",156,424.85,A
"China, Hong Kong SAR",344,"China, Macao SAR",446,419.23,A
Egypt,818,Saudi Arabia,682,411.6,I
United Republic of Tanzania,834,Türkiye,792,410.79,A
France,250,United Kingdom of Great Britain and Northern Ireland,826,410.61,A
United Republic of Tanzania,834,Romania,642,400.87,A
Netherlands (Kingdom of the),528,Qatar,634,397.24,A
Czechia,203,Slovakia,703,395.53,A
Israel,376,Sweden,752,392.19,A
Philippines,608,Republic of Korea,410,391.28,A
Poland,616,Belarus,112,384.15,A
Eswatini,748,South Africa,710,377.68,A
South Africa,710,Botswana,072,364.83,A
Sweden,752,Finland,246,364.5,A
Spain,724,Croatia,191,352.92,A
France,250,Hungary,348,352.51,A
Indonesia,360,Malaysia,458,351.92,A
Israel,376,Switzerland,756,351.04,A
Peru,604,Thailand,764,351.02,A
Spain,724,Slovakia,703,347.34,A
Latvia,428,Lithuania,440,346.83,A
Mexico,484,"China, Hong Kong SAR",344,346.46,A
Italy,380,Malta,470,346.14,A
United States of America,840,Bahamas,044,340.07,A
Guatemala,320,Belgium,056,339.2,A
Lebanon,422,Iraq,368,337.52,A
France,250,Czechia,203,335.93,A
Georgia,268,Armenia,051,334.19,A
Chile,152,"China, Hong Kong SAR",344,327.19,A
Netherlands (Kingdom of the),528,Luxembourg,442,324.94,A
Spain,724,Republic of Moldova,498,321.96,A
Uganda,800,Saudi Arabia,682,319.4,A
Belgium,056,Latvia,428,316.09,A
Dominican Republic,214,Canada,124,313.52,A
Belgium,056,Denmark,208,312.49,A
Kazakhstan,398,Uzbekistan,860,312.16,A
United Republic of Tanzania,834,Ukraine,804,311.34,A
Colombia,170,Panama,591,311.24,A
United States of America,840,"China, Taiwan Province of",158,306.94,A
Peru,604,Bolivia (Plurinational State of),068,304.9,A
Lebanon,422,Tunisia,788,304.49,A
Portugal,620,Germany,276,302.39,A
Spain,724,Lithuania,440,301.48,A
Lebanon,422,Russian Federation,643,298.07,A
Spain,724,Luxembourg,442,297.68,A
Türkiye,792,Azerbaijan,031,287.74,A
Croatia,191,Slovenia,705,287.05,A
Spain,724,Sweden,752,283.96,A
Mexico,484,Saudi Arabia,682,282.13,A
Chile,152,Austria,040,264.0,A
Netherlands (Kingdom of the),528,Slovenia,705,260.13,A
Lebanon,422,United Arab Emirates,784,259.23,A
Italy,380,Greece,300,256.69,A
Peru,604,Türkiye,792,253.23,A
Mexico,484,France,250,251.97,A
United States of America,840,Japan,392,251.02,A
New Zealand,554,Malaysia,458,250.55,A
Spain,724,Bulgaria,100,241.03,A
Peru,604,Brazil,076,240.19,A
Hungary,348,Croatia,191,234.98,A
Slovenia,705,Lithuania,440,220.4,A
Uganda,800,Nepal,524,219.51,A
Uganda,800,South Sudan,728,219.29,A
Zambia,894,Germany,276,216.73,A
Lebanon,422,Libya,434,215.66,A
Colombia,170,Costa Rica,188,213.8,A
Chile,152,Japan,392,209.3,A
Peru,604,Uruguay,858,199.52,A
Israel,376,Spain,724,198.31,A
Mozambique,508,France,250,197.04,A
South Africa,710,France,250,196.0,A
South Africa,710,Mauritius,480,191.76,A
United Republic of Tanzania,834,Germany,276,191.08,A
Ireland,372,United Kingdom of Great Britain and Northern Ireland,826,190.99,A
Croatia,191,Bosnia and Herzegovina,070,190.36,A
France,250,Ireland,372,189.61,A
Malaysia,458,Singapore,702,186.56,A
Lithuania,440,Latvia,428,183.7,A
Colombia,170,United Arab Emirates,784,179.75,A
Honduras,340,El Salvador,222,178.76,A
Italy,380,Serbia,688,178.21,A
Lithuania,440,Estonia,233,176.57,A
Slovenia,705,Hungary,348,172.02,A
Peru,604,Ecuador,218,168.96,A
Colombia,170,Russian Federation,643,168.72,A
Colombia,170,Peru,604,168.0,A
Italy,380,Croatia,191,165.85,A
Spain,724,Estonia,233,164.86,A
United Republic of Tanzania,834,Lithuania,440,164.74,A
Lebanon,422,Netherlands (Kingdom of the),528,158.84,A
United States of America,840,Malaysia,458,155.65,A
Dominican Republic,214,Germany,276,153.93,A
Spain,724,Ireland,372,151.62,A
Italy,380,Montenegro,499,149.82,A
Australia,036,Saudi Arabia,682,148.88,A
Netherlands (Kingdom of the),528,Morocco,504,148.6,A
Peru,604,Belgium,056,148.59,A
Lebanon,422,Qatar,634,147.95,A
New Zealand,554,India,356,147.79,A
Türkiye,792,Bulgaria,100,145.12,A
Colombia,170,Romania,642,143.36,A
Ecuador,218,Russian Federation,643,141.85,A
Guatemala,320,Costa Rica,188,140.92,A
Ecuador,218,United Kingdom of Great Britain and Northern Ireland,826,140.4,A
United States of America,840,Dominican Republic,214,140.22,A
United States of America,840,Saudi Arabia,682,139.49,A
United States of America,840,"China, Hong Kong SAR",344,136.24,A
South Africa,710,Saudi Arabia,682,134.09,A
Portugal,620,United Kingdom of Great Britain and Northern Ireland,826,129.77,A
United Republic of Tanzania,834,"China, mainland",156,129.25,A
United Kingdom of Great Britain and Northern Ireland,826,France,250,129.0,A
Colombia,170,Argentina,032,127.49,A
Lebanon,422,Spain,724,125.92,A
Colombia,170,Saudi Arabia,682,123.55,A
Brazil,076,Morocco,504,122.25,A
Colombia,170,Chile,152,120.0,A
South Africa,710,Belgium,056,119.48,A
Philippines,608,"China, mainland",156,116.55,A
Eswatini,748,Netherlands (Kingdom of the),528,114.0,A
Israel,376,Cyprus,196,113.12,A
Italy,380,Hungary,348,112.83,A
Egypt,818,United Kingdom of Great Britain and Northern Ireland,826,111.07,I
Chile,152,Poland,616,110.4,A
Mozambique,508,Spain,724,109.2,A
Spain,724,Switzerland,756,108.92,A
Lebanon,422,Italy,380,107.22,A
Netherlands (Kingdom of the),528,Bahrain,048,106.95,A
Dominican Republic,214,Antigua and Barbuda,028,106.14,A
Brazil,076,Portugal,620,105.53,A
Türkiye,792,Russian Federation,643,105.52,A
Brazil,076,Canada,124,105.36,A
Spain,724,Mauritania,478,105.25,A
Mexico,484,Belize,084,104.02,A
Italy,380,Bosnia and Herzegovina,070,102.66,A
Sweden,752,Denmark,208,101.82,A
Slovenia,705,Czechia,203,101.18,A
New Zealand,554,United States of America,840,99.01,A
Italy,380,Austria,040,98.71,A
Spain,724,Slovenia,705,98.17,A
Colombia,170,"China, Hong Kong SAR",344,96.2,A
United Kingdom of Great Britain and Northern Ireland,826,Germany,276,95.32,A
Lithuania,440,Netherlands (Kingdom of the),528,93.98,A
South Africa,710,Türkiye,792,93.73,A
Uganda,800,Maldives,462,93.69,A
Philippines,608,"China, Hong Kong SAR",344,92.75,A
Italy,380,Cyprus,196,92.28,A
Greece,300,Türkiye,792,89.33,A
Greece,300,Germany,276,88.91,A
Spain,724,Malta,470,88.63,A
Peru,604,Lebanon,422,85.21,A
Finland,246,Estonia,233,83.72,A
Philippines,608,Malaysia,458,81.86,A
Lebanon,422,Kuwait,414,80.85,A
United States of America,840,Chile,152,79.52,A
France,250,Portugal,620,78.45,A
Uganda,800,Netherlands (Kingdom of the),528,77.8,A
Türkiye,792,Uzbekistan,860,77.06,A
Slovenia,705,Romania,642,76.93,A
Uganda,800,Germany,276,76.37,A
Uganda,800,Bahrain,048,76.35,A
Spain,724,Ukraine,804,76.28,A
Greece,300,Cyprus,196,76.08,A
South Africa,710,Kenya,404,72.87,A
Colombia,170,Guatemala,320,72.0,A
Brazil,076,Paraguay,600,71.68,A
South Africa,710,Morocco,504,71.47,A
Mexico,484,United Kingdom of Great Britain and Northern Ireland,826,70.16,A
Poland,616,Netherlands (Kingdom of the),528,70.14,A
Australia,036,Qatar,634,70.04,A
Greece,300,Denmark,208,69.14,A
Singapore,702,Brunei Darussalam,096,68.79,A
Chile,152,Denmark,208,68.06,A
Australia,036,Kuwait,414,67.26,A
Italy,380,Switzerland,756,65.56,A
Mozambique,508,Germany,276,65.54,A
Guatemala,320,Italy,380,63.42,A
Greece,300,Netherlands (Kingdom of the),528,62.63,A
Dominican Republic,214,Saint Kitts and Nevis,659,61.64,A
South Africa,710,Lesotho,426,60.39,A
Uganda,800,Belgium,056,60.03,A
Israel,376,Lithuania,440,59.64,A
Peru,604,Panama,591,59.14,A
Greece,300,Romania,642,58.07,A
Italy,380,Romania,642,58.05,A
Germany,276,Lithuania,440,57.53,A
France,250,Slovenia,705,57.47,A
Slovenia,705,Bulgaria,100,57.39,A
Austria,040,Slovenia,705,56.46,A
Peru,604,United Arab Emirates,784,55.59,A
United Republic of Tanzania,834,Finland,246,55.36,A
Netherlands (Kingdom of the),528,"China, Hong Kong SAR",344,53.35,A
Thailand,764,Lao People's Democratic Republic,418,53.35,A
Netherlands (Kingdom of the),528,Armenia,051,53.12,A
Lithuania,440,Kazakhstan,398,51.88,A
Portugal,620,Cabo Verde,132,51.41,A
Bulgaria,100,Romania,642,50.64,A
United States of America,840,Barbados,052,50.57,A
Portugal,620,Poland,616,48.58,A
Germany,276,Croatia,191,48.45,A
Brazil,076,United Arab Emirates,784,48.44,A
Netherlands (Kingdom of the),528,Montenegro,499,48.25,A
Italy,380,Tunisia,788,48.03,A
Peru,604,Lithuania,440,48.0,A
Colombia,170,Portugal,620,48.0,A
United Republic of Tanzania,834,Sweden,752,47.47,A
Colombia,170,Kuwait,414,46.77,A
Switzerland,756,Netherlands (Kingdom of the),528,46.56,A
Peru,604,Honduras,340,46.0,A
Denmark,208,Faroe Islands,234,45.62,A
Colombia,170,Poland,616,45.58,A
Italy,380,Netherlands (Kingdom of the),528,45.38,A
United Republic of Tanzania,834,Iraq,368,45.12,A
Netherlands (Kingdom of the),528,Kazakhstan,398,45.01,A
New Zealand,554,New Caledonia,540,44.86,A
Poland,616,Spain,724,44.48,A
South Africa,710,Israel,376,44.41,A
France,250,Austria,040,44.39,A
Lebanon,422,Ukraine,804,44.34,A
United Republic of Tanzania,834,Malawi,454,44.16,A
Spain,724,Latvia,428,43.77,A
Croatia,191,Serbia,688,43.46,A
Mexico,484,Singapore,702,43.34,A
Saudi Arabia,682,United Arab Emirates,784,43.2,A
Poland,616,Hungary,348,43.1,A
France,250,Denmark,208,42.6,A
Mozambique,508,United Arab Emirates,784,42.31,A
Mozambique,508,Italy,380,42.24,A
Peru,604,Greece,300,42.24,A
United Kingdom of Great Britain and Northern Ireland,826,Peru,604,42.09,A
South Africa,710,Eswatini,748,42.01,A
United Republic of Tanzania,834,Malaysia,458,41.28,A
South Africa,710,Mozambique,508,41.22,A
Poland,616,Kazakhstan,398,41.14,A
Israel,376,Bulgaria,100,40.98,A
Netherlands (Kingdom of the),528,Kuwait,414,40.93,A
Germany,276,Italy,380,40.66,A
Croatia,191,Montenegro,499,39.98,A
Australia,036,Brunei Darussalam,096,39.97,A
"China, mainland",156,"China, Hong Kong SAR",344,39.91,A
Zambia,894,Netherlands (Kingdom of the),528,39.86,A
Greece,300,Serbia,688,39.36,A
Czechia,203,Germany,276,37.96,A
Australia,036,Indonesia,360,37.3,A
Italy,380,Germany,276,37.26,A
Slovenia,705,Croatia,191,37.08,A
Greece,300,Italy,380,35.96,A
Guatemala,320,Panama,591,35.84,A
Lithuania,440,Uzbekistan,860,35.58,A
New Zealand,554,Fiji,242,35.55,A
Poland,616,Germany,276,34.42,A
Poland,616,Czechia,203,33.67,A
Greece,300,France,250,33.63,A
Türkiye,792,Republic of Moldova,498,33.26,A
United States of America,840,Singapore,702,33.15,A
Saudi Arabia,682,Yemen,887,32.35,A
South Africa,710,Iraq,368,32.08,A
Philippines,608,Japan,392,32.05,A
Honduras,340,Nicaragua,558,31.47,A
United Republic of Tanzania,834,Qatar,634,31.06,A
United States of America,840,Iceland,352,30.94,A
Austria,040,Italy,380,30.54,A
Türkiye,792,Kyrgyzstan,417,30.17,A
Uganda,800,France,250,29.71,A
Slovenia,705,Denmark,208,28.62,A
Singapore,702,Indonesia,360,28.36,A
Spain,724,Serbia,688,27.78,A
Belgium,056,Ireland,372,27.57,A
Greece,300,Belgium,056,26.95,A
Costa Rica,188,Honduras,340,26.4,A
Denmark,208,Iceland,352,25.96,A
Egypt,818,Lebanon,422,25.76,A
Türkiye,792,Ukraine,804,25.51,A
United States of America,840,Peru,604,25.43,A
United Republic of Tanzania,834,Oman,512,25.37,A
Denmark,208,Czechia,203,25.31,A
United Republic of Tanzania,834,Czechia,203,24.87,A
South Africa,710,Zambia,894,24.77,A
Germany,276,Luxembourg,442,24.69,A
Latvia,428,Russian Federation,643,24.62,A
Portugal,620,Denmark,208,24.58,A
Netherlands (Kingdom of the),528,Jordan,400,24.2,A
South Africa,710,Japan,392,24.08,A
United Republic of Tanzania,834,Singapore,702,24.02,A
Chile,152,Ecuador,218,24.0,A
Italy,380,Czechia,203,23.91,A
Israel,376,Romania,642,23.63,A
Colombia,170,Switzerland,756,23.42,A
Guatemala,320,Nicaragua,558,23.38,A
Mexico,484,Malaysia,458,23.32,A
Guatemala,320,United States of America,840,23.19,A
Peru,604,Germany,276,22.86,A
Indonesia,360,Singapore,702,22.83,A
Türkiye,792,Iraq,368,22.76,A
Italy,380,Ukraine,804,22.45,A
New Zealand,554,United Arab Emirates,784,22.31,A
Philippines,608,Singapore,702,22.12,A
Chile,152,Portugal,620,22.08,A
Israel,376,Türkiye,792,21.63,A
Guatemala,320,Jamaica,388,21.23,A
Mozambique,508,Portugal,620,21.12,A
Luxembourg,442,France,250,21.1,A
France,250,Croatia,191,21.04,A
Greece,300,Hungary,348,20.97,A
Ecuador,218,Saudi Arabia,682,20.9,A
Ecuador,218,New Zealand,554,20.84,A
Austria,040,Slovakia,703,20.51,A
Switzerland,756,Spain,724,20.5,A
Greece,300,Iraq,368,20.11,A
Greece,300,Spain,724,20.0,A
Italy,380,Estonia,233,19.98,A
Australia,036,New Caledonia,540,19.71,A
Uganda,800,Russian Federation,643,19.58,A
Slovenia,705,Serbia,688,19.22,A
United States of America,840,Oman,512,19.21,A
Spain,724,South Africa,710,18.95,A
Italy,380,Bulgaria,100,18.87,A
Egypt,818,Libya,434,18.81,A
South Africa,710,"China, mainland",156,18.69,A
Israel,376,Belarus,112,18.67,A
Poland,616,Estonia,233,18.64,A
South Africa,710,India,356,18.45,A
Brazil,076,Marshall Islands,584,18.35,A
Saudi Arabia,682,Bahrain,048,17.73,A
Israel,376,United States of America,840,17.62,A
Slovenia,705,Italy,380,17.54,A
Luxembourg,442,Germany,276,17.33,A
Netherlands (Kingdom of the),528,Oman,512,17.3,A
India,356,Bhutan,064,17.17,A
New Zealand,554,Indonesia,360,17.13,A
Lebanon,422,Oman,512,17.09,A
Uganda,800,Sweden,752,17.07,A
Türkiye,792,North Macedonia,807,17.07,A
Spain,724,Cabo Verde,132,16.93,A
South Africa,710,Singapore,702,16.86,A
Australia,036,Oman,512,16.77,A
Türkiye,792,Turkmenistan,795,16.7,A
Belgium,056,Romania,642,16.68,A
Austria,040,Germany,276,16.51,A
Spain,724,Norway,578,16.13,A
Australia,036,Cambodia,116,15.96,A
United States of America,840,Bahrain,048,15.65,A
Netherlands (Kingdom of the),528,Bosnia and Herzegovina,070,15.59,A
Israel,376,Canada,124,15.52,A
Netherlands (Kingdom of the),528,Mongolia,496,15.36,A
Colombia,170,Bahrain,048,15.35,A
Brazil,076,Liberia,430,15.14,A
Denmark,208,Netherlands (Kingdom of the),528,15.12,A
Australia,036,Fiji,242,15.1,A
Saudi Arabia,682,Kuwait,414,14.77,A
South Africa,710,Lithuania,440,14.38,A
Thailand,764,Bangladesh,050,14.3,A
Türkiye,792,Kazakhstan,398,14.25,A
Australia,036,Mexico,484,14.2,A
Spain,724,Iceland,352,14.13,A
Spain,724,United Arab Emirates,784,14.0,A
Greece,300,Montenegro,499,13.78,A
Brazil,076,Panama,591,13.54,A
United States of America,840,Qatar,634,13.49,A
Denmark,208,Italy,380,13.38,A
Greece,300,Ukraine,804,13.21,A
Canada,124,"China, Hong Kong SAR",344,13.16,A
Netherlands (Kingdom of the),528,India,356,13.08,A
Cyprus,196,Greece,300,12.71,A
Sri Lanka,144,Saudi Arabia,682,12.69,A
Sweden,752,Netherlands (Kingdom of the),528,12.59,A
Slovakia,703,Hungary,348,12.53,A
Lebanon,422,Armenia,051,12.46,A
Australia,036,Bahrain,048,12.46,A
Czechia,203,Hungary,348,12.44,A
Spain,724,"China, Hong Kong SAR",344,12.03,A
Mozambique,508,Zimbabwe,716,12.0,A
Greece,300,North Macedonia,807,11.6,A
United Republic of Tanzania,834,Uganda,800,11.5,A
Bulgaria,100,Luxembourg,442,11.42,A
Denmark,208,Romania,642,11.23,A
Türkiye,792,Cyprus,196,11.09,A
Spain,724,Oman,512,11.08,A
Colombia,170,Oman,512,10.93,A
Czechia,203,Lithuania,440,10.65,A
Egypt,818,Mauritius,480,10.6,A
South Africa,710,Lebanon,422,10.58,A
Romania,642,Greece,300,10.56,A
Romania,642,Italy,380,10.56,A
Australia,036,New Zealand,554,10.53,A
Netherlands (Kingdom of the),528,Lebanon,422,10.5,A
South Africa,710,Ghana,288,10.43,A
Australia,036,Lebanon,422,10.0,A
Slovakia,703,Spain,724,9.96,A
Lithuania,440,Poland,616,9.73,A
Italy,380,Republic of Moldova,498,9.66,A
Greece,300,Czechia,203,9.63,A
Costa Rica,188,El Salvador,222,9.54,A
Türkiye,792,Syrian Arab Republic,760,9.38,A
Slovakia,703,Poland,616,9.22,A
Egypt,818,Seychelles,690,9.04,A
Uganda,800,Switzerland,756,8.89,A
Türkiye,792,Singapore,702,8.76,A
Angola,024,Portugal,620,8.58,A
Germany,276,Belgium,056,8.52,A
Slovakia,703,Czechia,203,8.47,A
Türkiye,792,Mongolia,496,8.39,A
Sri Lanka,144,Qatar,634,8.31,A
Denmark,208,Germany,276,8.25,A
Uganda,800,Spain,724,8.24,A
Netherlands (Kingdom of the),528,Seychelles,690,8.18,A
Dominican Republic,214,United Arab Emirates,784,8.11,A
United Republic of Tanzania,834,Rwanda,646,7.99,A
Austria,040,Netherlands (Kingdom of the),528,7.95,A
United Kingdom of Great Britain and Northern Ireland,826,Belgium,056,7.9,A
"China, mainland",156,Russian Federation,643,7.56,A
France,250,Lithuania,440,7.48,A
Poland,616,Italy,380,7.39,A
Belgium,056,Lithuania,440,7.35,A
Netherlands (Kingdom of the),528,Colombia,170,7.2,A
Denmark,208,Spain,724,7.18,A
Egypt,818,Syrian Arab Republic,760,7.16,A
Portugal,620,Romania,642,7.1,A
Netherlands (Kingdom of the),528,Singapore,702,7.05,A
Türkiye,792,Hungary,348,7.0,A
Luxembourg,442,Belgium,056,6.97,A
Saudi Arabia,682,Qatar,634,6.91,A
Dominican Republic,214,Switzerland,756,6.89,A
Israel,376,Portugal,620,6.78,A
Switzerland,756,France,250,6.63,A
Brazil,076,Singapore,702,6.59,A
South Africa,710,Italy,380,6.52,A
Uganda,800,Czechia,203,6.5,A
Australia,036,Bangladesh,050,6.48,A
Brazil,076,"China, Hong Kong SAR",344,6.14,A
Netherlands (Kingdom of the),528,Uzbekistan,860,6.08,A
Greece,300,Switzerland,756,6.05,A
Italy,380,Slovakia,703,5.97,A
Poland,616,Lithuania,440,5.96,A
Sweden,752,Germany,276,5.95,A
United States of America,840,Netherlands (Kingdom of the),528,5.75,A
Greece,300,Poland,616,5.7,A
United States of America,840,French Polynesia,258,5.69,A
France,250,Greece,300,5.61,A
United Kingdom of Great Britain and Northern Ireland,826,Türkiye,792,5.57,A
Austria,040,Spain,724,5.39,A
Türkiye,792,Malaysia,458,5.32,A
Brazil,076,Bahamas,044,5.3,A
Brazil,076,Switzerland,756,5.24,A
Türkiye,792,Poland,616,5.2,A
Belgium,056,Ukraine,804,5.2,A
Poland,616,Republic of Moldova,498,5.16,A
Egypt,818,Oman,512,4.93,A
Portugal,620,Austria,040,4.9,A
"China, mainland",156,"China, Macao SAR",446,4.88,A
Ecuador,218,United Arab Emirates,784,4.75,A
France,250,Estonia,233,4.54,A
El Salvador,222,Guatemala,320,4.5,A
Poland,616,United Kingdom of Great Britain and Northern Ireland,826,4.47,A
Australia,036,Viet Nam,704,4.4,A
Netherlands (Kingdom of the),528,Iraq,368,4.39,A
Greece,300,United Arab Emirates,784,4.38,A
France,250,Latvia,428,4.36,A
Türkiye,792,Montenegro,499,4.32,A
Greece,300,Sweden,752,4.32,A
Spain,724,Qatar,634,4.28,A
Brazil,076,Malta,470,4.14,A
Brazil,076,Norway,578,3.89,A
Germany,276,Romania,642,3.74,A
Spain,724,Senegal,686,3.7,A
Estonia,233,Finland,246,3.68,A
Slovenia,705,Republic of Moldova,498,3.68,A
Türkiye,792,Serbia,688,3.68,A
United States of America,840,Jamaica,388,3.65,A
Türkiye,792,Indonesia,360,3.64,A
Greece,300,Austria,040,3.57,A
South Africa,710,Qatar,634,3.55,A
Türkiye,792,"China, Hong Kong SAR",344,3.54,A
Belgium,056,Greece,300,3.52,A
Uganda,800,Somalia,706,3.51,A
Türkiye,792,Switzerland,756,3.51,A
Belgium,056,Niger,562,3.5,A
Greece,300,Slovakia,703,3.43,A
South Africa,710,Seychelles,690,3.42,A
Sri Lanka,144,United Arab Emirates,784,3.41,A
Belgium,056,Poland,616,3.39,A
Lithuania,440,Spain,724,3.26,A
France,250,Republic of Moldova,498,3.15,A
Austria,040,Belgium,056,3.09,A
Türkiye,792,Belgium,056,3.09,A
Austria,040,Hungary,348,3.01,A
Uganda,800,Egypt,818,3.0,A
Malaysia,458,Brunei Darussalam,096,3.0,A
Netherlands (Kingdom of the),528,Canada,124,3.0,A
Brazil,076,Greece,300,2.99,A
United States of America,840,"China, mainland",156,2.98,A
Kazakhstan,398,Tajikistan,762,2.9,A
Poland,616,Slovakia,703,2.9,A
Thailand,764,Malaysia,458,2.88,A
South Africa,710,Malawi,454,2.85,A
France,250,Sweden,752,2.8,A
Dominican Republic,214,Belgium,056,2.79,A
South Africa,710,Indonesia,360,2.76,A
Sri Lanka,144,Maldives,462,2.66,A
Peru,604,Bahrain,048,2.64,A
Türkiye,792,Germany,276,2.64,A
Slovakia,703,Germany,276,2.55,A
Türkiye,792,Maldives,462,2.42,A
Brazil,076,Denmark,208,2.41,A
Italy,380,Belgium,056,2.4,A
South Africa,710,Democratic Republic of the Congo,180,2.37,A
Brazil,076,Guyana,328,2.36,A
Indonesia,360,United Arab Emirates,784,2.35,A
Belgium,056,Italy,380,2.34,A
Singapore,702,Cambodia,116,2.3,A
Germany,276,Bosnia and Herzegovina,070,2.3,A
Poland,616,Latvia,428,2.3,A
Dominican Republic,214,Guyana,328,2.27,A
South Africa,710,Oman,512,2.19,A
Spain,724,Saudi Arabia,682,2.14,A
Austria,040,Czechia,203,2.12,A
Serbia,688,Montenegro,499,2.11,A
Spain,724,Kazakhstan,398,2.08,A
Denmark,208,Lithuania,440,2.01,A
United Republic of Tanzania,834,Namibia,516,2.0,A
Bulgaria,100,Spain,724,1.92,A
Romania,642,Bulgaria,100,1.9,A
India,356,Maldives,462,1.87,A
Brazil,076,Germany,276,1.84,A
South Africa,710,Bahrain,048,1.82,A
Uganda,800,Denmark,208,1.81,A
Colombia,170,Qatar,634,1.79,A
Sweden,752,"China, Hong Kong SAR",344,1.76,A
United States of America,840,Trinidad and Tobago,780,1.75,A
Thailand,764,Cambodia,116,1.74,A
Croatia,191,Netherlands (Kingdom of the),528,1.73,A
Portugal,620,Switzerland,756,1.73,A
Brazil,076,Russian Federation,643,1.65,A
Estonia,233,Latvia,428,1.6,A
Greece,300,Republic of Moldova,498,1.58,A
Brazil,076,Cyprus,196,1.53,A
Italy,380,Poland,616,1.5,A
France,250,New Caledonia,540,1.49,A
Denmark,208,Croatia,191,1.47,A
Sweden,752,Norway,578,1.47,A
Croatia,191,Czechia,203,1.46,A
Germany,276,Ireland,372,1.45,A
Türkiye,792,United Arab Emirates,784,1.44,A
New Zealand,554,Tonga,776,1.43,A
Zambia,894,United Arab Emirates,784,1.41,A
France,250,Finland,246,1.41,A
Thailand,764,Myanmar,104,1.4,A
France,250,Slovakia,703,1.39,A
Egypt,818,Maldives,462,1.34,A
Croatia,191,Hungary,348,1.3,A
United States of America,840,Germany,276,1.3,A
Brazil,076,"China, mainland",156,1.24,A
Egypt,818,Qatar,634,1.24,A
United Kingdom of Great Britain and Northern Ireland,826,United Arab Emirates,784,1.2,A
Australia,036,Nauru,520,1.17,A
Türkiye,792,Bosnia and Herzegovina,070,1.16,A
United States of America,840,Indonesia,360,1.16,A
New Zealand,554,Cook Islands,184,1.14,A
United States of America,840,Viet Nam,704,1.14,A
Austria,040,Croatia,191,1.13,A
Sri Lanka,144,Oman,512,1.13,A
Republic of Korea,410,Mongolia,496,1.13,A
Spain,724,Malaysia,458,1.13,A
Australia,036,Canada,124,1.1,A
United Republic of Tanzania,834,Cambodia,116,1.09,A
Brazil,076,Qatar,634,1.06,A
Brazil,076,Italy,380,1.04,A
Ireland,372,United Arab Emirates,784,1.03,A
Denmark,208,Estonia,233,1.01,A
United States of America,840,Belize,084,1.0,A
Uganda,800,Canada,124,0.98,A
Brazil,076,Japan,392,0.96,A
Thailand,764,Maldives,462,0.89,A
Australia,036,Seychelles,690,0.89,A
Belgium,056,Iceland,352,0.88,A
Türkiye,792,Lebanon,422,0.86,A
Denmark,208,Portugal,620,0.86,A
Türkiye,792,Austria,040,0.84,A
Egypt,818,Türkiye,792,0.82,A
Grenada,308,Trinidad and Tobago,780,0.81,A
South Africa,710,Kuwait,414,0.81,A
India,356,Austria,040,0.8,A
Portugal,620,Belgium,056,0.8,A
Thailand,764,"China, Hong Kong SAR",344,0.8,A
Egypt,818,Malaysia,458,0.8,A
Türkiye,792,Romania,642,0.8,A
Netherlands (Kingdom of the),528,Maldives,462,0.8,A
United Kingdom of Great Britain and Northern Ireland,826,Iceland,352,0.78,A
Türkiye,792,Saudi Arabia,682,0.78,A
Brazil,076,Republic of Korea,410,0.77,A
Brazil,076,Thailand,764,0.75,A
South Africa,710,Switzerland,756,0.75,A
United States of America,840,Saint Kitts and Nevis,659,0.75,A
Indonesia,360,Saudi Arabia,682,0.72,A
Luxembourg,442,Azerbaijan,031,0.71,A
Georgia,268,Russian Federation,643,0.71,A
Burkina Faso,854,France,250,0.7,A
Portugal,620,Finland,246,0.7,A
Zambia,894,"China, Hong Kong SAR",344,0.67,A
Egypt,818,Kuwait,414,0.66,A
Uganda,800,Slovakia,703,0.65,A
Guatemala,320,United Arab Emirates,784,0.63,A
Ireland,372,Netherlands (Kingdom of the),528,0.63,A
Uganda,800,Finland,246,0.56,A
United States of America,840,Honduras,340,0.56,A
Ecuador,218,Switzerland,756,0.55,A
Türkiye,792,Tajikistan,762,0.55,A
Angola,024,Democratic Republic of the Congo,180,0.54,A
"China, mainland",156,Singapore,702,0.53,A
Côte d'Ivoire,384,Belgium,056,0.5,A
Uganda,800,Rwanda,646,0.5,A
Belgium,056,Eritrea,232,0.5,A
Poland,616,Ireland,372,0.5,A
Malaysia,458,Cambodia,116,0.48,A
France,250,Maldives,462,0.48,A
Austria,040,Switzerland,756,0.47,A
Singapore,702,Timor-Leste,626,0.44,A
Italy,380,Lithuania,440,0.44,A
Lithuania,440,Germany,276,0.43,A
Germany,276,Maldives,462,0.43,A
Australia,036,"China, mainland",156,0.42,A
United States of America,840,Luxembourg,442,0.42,A
Italy,380,Sweden,752,0.41,A
Brazil,076,Antigua and Barbuda,028,0.4,A
Thailand,764,"China, Macao SAR",446,0.4,A
Austria,040,Poland,616,0.4,A
Indonesia,360,Timor-Leste,626,0.39,A
Indonesia,360,Qatar,634,0.37,A
Thailand,764,Russian Federation,643,0.36,A
France,250,French Polynesia,258,0.35,A
Brazil,076,Türkiye,792,0.34,A
Trinidad and Tobago,780,Grenada,308,0.33,A
Romania,642,Hungary,348,0.32,A
Brazil,076,Bahrain,048,0.31,A
Uganda,800,Norway,578,0.31,A
Lebanon,422,Syrian Arab Republic,760,0.31,A
France,250,Romania,642,0.31,A
Ecuador,218,Kazakhstan,398,0.28,A
Spain,724,Equatorial Guinea,226,0.28,A
Brazil,076,United States of America,840,0.27,A
Italy,380,Latvia,428,0.27,A
France,250,Kazakhstan,398,0.27,A
Brazil,076,Barbados,052,0.26,A
Poland,616,Belgium,056,0.25,A
Czechia,203,Netherlands (Kingdom of the),528,0.25,A
Türkiye,792,United Kingdom of Great Britain and Northern Ireland,826,0.25,A
Egypt,818,Guinea,324,0.24,A
Colombia,170,Singapore,702,0.24,A
United Kingdom of Great Britain and Northern Ireland,826,Colombia,170,0.24,A
France,250,"China, Hong Kong SAR",344,0.24,A
New Zealand,554,Kiribati,296,0.22,A
Slovenia,705,Austria,040,0.21,A
New Zealand,554,Samoa,882,0.21,A
France,250,Singapore,702,0.21,A
Norway,578,France,250,0.2,A
Poland,616,Romania,642,0.2,A
Netherlands (Kingdom of the),528,Faroe Islands,234,0.2,A
Estonia,233,Norway,578,0.19,A
Italy,380,Ireland,372,0.18,A
Netherlands (Kingdom of the),528,Ghana,288,0.18,A
Uganda,800,Djibouti,262,0.17,A
Brazil,076,Belgium,056,0.17,A
United Kingdom of Great Britain and Northern Ireland,826,Kenya,404,0.17,A
Sri Lanka,144,Bahrain,048,0.16,A
Angola,024,Namibia,516,0.15,A
France,250,Thailand,764,0.15,A
Brazil,076,Luxembourg,442,0.14,A
Brazil,076,Philippines,608,0.13,A
Colombia,170,Cambodia,116,0.12,A
Brazil,076,Gabon,266,0.12,A
Malaysia,458,Indonesia,360,0.12,A
Portugal,620,Luxembourg,442,0.12,A
United Republic of Tanzania,834,Belgium,056,0.11,A
Germany,276,Antigua and Barbuda,028,0.11,A
New Zealand,554,French Polynesia,258,0.11,A
Thailand,764,Hungary,348,0.11,A
Brazil,076,Malaysia,458,0.11,A
Slovakia,703,Austria,040,0.1,A
Spain,724,Armenia,051,0.1,A
Uganda,800,Ireland,372,0.1,A
United Republic of Tanzania,834,Luxembourg,442,0.1,A
Sri Lanka,144,India,356,0.1,A
Croatia,191,Italy,380,0.1,A
Norway,578,United States of America,840,0.1,A
Mozambique,508,Greece,300,0.09,A
South Africa,710,Maldives,462,0.09,A
Türkiye,792,Oman,512,0.09,A
New Zealand,554,Vanuatu,548,0.09,A
France,250,Iceland,352,0.09,A
Norway,578,Cyprus,196,0.08,A
Malaysia,458,"China, Hong Kong SAR",344,0.08,A
Egypt,818,Republic of Moldova,498,0.08,A
Poland,616,Norway,578,0.08,A
Austria,040,Romania,642,0.08,A
Mozambique,508,Singapore,702,0.07,A
Indonesia,360,Brunei Darussalam,096,0.07,A
Norway,578,Germany,276,0.07,A
Brazil,076,India,356,0.07,A
Portugal,620,Latvia,428,0.07,A
Angola,024,Canada,124,0.06,A
Mozambique,508,Cyprus,196,0.06,A
Angola,024,Singapore,702,0.06,A
Angola,024,Switzerland,756,0.06,A
Mozambique,508,United States of America,840,0.06,A
"China, Taiwan Province of",158,Singapore,702,0.06,A
"China, Taiwan Province of",158,Viet Nam,704,0.06,A
Brazil,076,Saudi Arabia,682,0.06,A
Brazil,076,Trinidad and Tobago,780,0.06,A
Italy,380,Luxembourg,442,0.06,A
Belgium,056,United States of America,840,0.06,A
Germany,276,United States of America,840,0.06,A
Ireland,372,Bahrain,048,0.05,A
Mozambique,508,Mauritius,480,0.05,A
United Republic of Tanzania,834,Switzerland,756,0.05,A
Sweden,752,Faroe Islands,234,0.05,A
Brazil,076,Lebanon,422,0.05,A
Thailand,764,Romania,642,0.05,A
Türkiye,792,Qatar,634,0.05,A
Brazil,076,Viet Nam,704,0.05,A
Türkiye,792,Seychelles,690,0.05,A
Mozambique,508,Iceland,352,0.04,A
Mauritius,480,France,250,0.04,A
Thailand,764,Bhutan,064,0.04,A
Poland,616,France,250,0.04,A
France,250,Burkina Faso,854,0.04,A
Denmark,208,Slovakia,703,0.04,A
United Kingdom of Great Britain and Northern Ireland,826,Israel,376,0.04,A
France,250,Senegal,686,0.04,A
Trinidad and Tobago,780,Brazil,076,0.03,A
United Kingdom of Great Britain and Northern Ireland,826,Australia,036,0.03,A
Grenada,308,United Kingdom of Great Britain and Northern Ireland,826,0.03,A
Türkiye,792,Bahrain,048,0.03,A
Uganda,800,Malaysia,458,0.03,A
Brazil,076,Chile,152,0.03,A
Brazil,076,Cook Islands,184,0.03,A
Brazil,076,Kuwait,414,0.03,A
Türkiye,792,Kuwait,414,0.03,A
Türkiye,792,Mauritius,480,0.03,A
United Kingdom of Great Britain and Northern Ireland,826,Hungary,348,0.03,A
Germany,276,Liberia,430,0.03,A
United Kingdom of Great Britain and Northern Ireland,826,Portugal,620,0.03,A
United Kingdom of Great Britain and Northern Ireland,826,South Africa,710,0.03,A
Angola,024,Congo,178,0.02,A
Grenada,308,Saint Lucia,662,0.02,A
Mozambique,508,Philippines,608,0.02,A
Costa Rica,188,Colombia,170,0.02,A
Egypt,818,Congo,178,0.02,A
Brazil,076,Bulgaria,100,0.02,A
Norway,578,Faroe Islands,234,0.02,A
Ukraine,804,Marshall Islands,584,0.02,A
Brazil,076,Guinea-Bissau,624,0.02,A
New Zealand,554,Niue,570,0.02,A
Australia,036,Micronesia (Federated States of),583,0.02,A
Italy,380,Finland,246,0.02,A
Singapore,702,Myanmar,104,0.02,A
Brazil,076,Sierra Leone,694,0.02,A
India,356,Philippines,608,0.02,A
Brazil,076,Tunisia,788,0.02,A
Brazil,076,Venezuela (Bolivarian Republic of),862,0.02,A
Thailand,764,United Arab Emirates,784,0.02,A
Germany,276,Norway,578,0.02,A
Netherlands (Kingdom of the),528,Niger,562,0.02,A
Germany,276,United Kingdom of Great Britain and Northern Ireland,826,0.02,A
Mozambique,508,Belgium,056,0.01,A
Mozambique,508,"China, Hong Kong SAR",344,0.01,A
Mozambique,508,Denmark,208,0.01,A
Belgium,056,Austria,040,0.01,A
Côte d'Ivoire,384,Canada,124,0.01,A
Ecuador,218,"China, mainland",156,0.01,A
Mozambique,508,Türkiye,792,0.01,A
Kazakhstan,398,Kyrgyzstan,417,0.01,A
Uganda,800,Nigeria,566,0.01,A
South Africa,710,Canada,124,0.01,A
Germany,276,Bahamas,044,0.01,A
United Kingdom of Great Britain and Northern Ireland,826,Brazil,076,0.01,A
Uganda,800,Zambia,894,0.01,A
Indonesia,360,Germany,276,0.01,A
Brazil,076,Croatia,191,0.01,A
Egypt,818,Netherlands (Kingdom of the),528,0.01,A
Egypt,818,Nigeria,566,0.01,A
Brazil,076,Egypt,818,0.01,A
Luxembourg,442,Sweden,752,0.01,A
Ukraine,804,Liberia,430,0.01,A
Ukraine,804,Montenegro,499,0.01,A
Ukraine,804,Romania,642,0.01,A
Ukraine,804,Singapore,702,0.01,A
Ukraine,804,Spain,724,0.01,A
South Africa,710,Kazakhstan,398,0.01,A
Brazil,076,Mexico,484,0.01,A
"China, mainland",156,Japan,392,0.01,A
Czechia,203,Poland,616,0.01,A
Brazil,076,Nigeria,566,0.01,A
Hungary,348,Slovakia,703,0.01,A
South Africa,710,Nigeria,566,0.01,A
Brazil,076,Sweden,752,0.01,A
Singapore,702,Republic of Korea,410,0.01,A
Thailand,764,Singapore,702,0.01,A
Poland,616,Sweden,752,0.01,A
France,250,Kuwait,414,0.01,A
Germany,276,Portugal,620,0.01,A
Peru,604,Australia,036,0.0,A
Czechia,203,Austria,040,0.0,A
Croatia,191,Austria,040,0.0,A
Angola,024,United Arab Emirates,784,0.0,A
Uganda,800,Israel,376,0.0,A
Austria,040,Bulgaria,100,0.0,A
Peru,604,"China, Taiwan Province of",158,0.0,A
South Africa,710,Bulgaria,100,0.0,A
United Kingdom of Great Britain and Northern Ireland,826,Chile,152,0.0,A
Slovakia,703,Malta,470,0.0,A
Egypt,818,Singapore,702,0.0,A
Ukraine,804,Norway,578,0.0,A
Czechia,203,Italy,380,0.0,A
France,250,"China, Macao SAR",446,0.0,A
Hungary,348,Netherlands (Kingdom of the),528,0.0,A
Ukraine,804,United Arab Emirates,784,0.0,A
Singapore,702,Maldives,462,0.0,A
Brazil,076,Poland,616,0.0,A
South Africa,710,Peru,604,0.0,A
Brazil,076,Vanuatu,548,0.0,A
India,356,United Arab Emirates,784,0.0,A
