country,year,month,tonnes,valueUsd
Brazil,2021,5,0.12,2918.0
Canada,2020,11,18.14,35532.0
Chile,2017,1,3128.45,9432256.0
Chile,2017,2,1991.16,6054160.0
Chile,2017,3,1894.48,5480130.0
Chile,2017,4,1016.35,2821921.0
Chile,2017,5,149.67,529520.0
Chile,2017,8,1765.96,4651486.0
Chile,2017,9,10738.35,31057466.0
Chile,2017,10,10731.75,30276905.0
Chile,2017,11,4353.11,13435540.0
Chile,2017,12,1249.46,4184261.0
Chile,2018,1,615.2,2022426.0
Chile,2018,8,470.13,1004064.0
Chile,2018,9,6660.47,13849359.0
Chile,2018,10,8165.88,20211395.0
Chile,2018,11,4423.55,11618480.0
Chile,2018,12,5307.36,13078916.0
Chile,2019,1,2155.95,5336112.0
Chile,2019,2,674.51,1707384.0
Chile,2019,3,143.19,355581.0
Chile,2019,7,0.54,3081.0
Chile,2019,8,1055.65,2886298.0
Chile,2019,9,5880.14,16918453.0
Chile,2019,10,3904.13,11462262.0
Chile,2019,11,582.33,1679930.0
Chile,2019,12,528.66,1679736.0
Chile,2020,1,262.92,787200.0
Chile,2020,2,1.09,5544.0
Chile,2020,9,549.93,1341217.0
Chile,2020,10,386.83,1108375.0
Chile,2021,9,445.66,1401072.0
Chile,2021,10,1736.0,4956535.0
Chile,2021,11,1295.38,3460200.0
Chile,2021,12,597.53,1371264.0
Chile,2022,1,579.75,1667568.0
Chile,2022,2,2154.55,6589382.0
Chile,2022,3,893.48,2865704.0
Chile,2022,4,81.9,305448.0
Chile,2022,9,255.68,859200.0
Chile,2022,10,1235.39,3752172.0
Chile,2022,11,1611.41,4748604.0
Chile,2022,12,612.72,1844640.0
Chile,2023,1,161.28,554400.0
Chile,2023,9,1216.53,4512476.0
Chile,2023,10,2385.3,8474944.0
Chile,2023,11,849.24,3102144.0
Chile,2023,12,256.64,1015200.0
Chile,2024,1,21.34,86400.0
Chile,2024,8,335.31,1283040.0
Chile,2024,9,2292.06,7968569.0
Chile,2024,10,1419.44,5165144.0
Chile,2024,11,1282.38,4960800.0
Chile,2024,12,215.04,576000.0
Chile,2025,1,833.28,3017496.0
Chile,2025,2,1860.89,6927120.0
Chile,2025,3,2532.25,9258288.0
Chile,2025,4,730.88,2946548.0
Chile,2025,5,21.49,86400.0
Chile,2025,10,1269.21,3931504.0
Chile,2025,11,1433.25,4228244.0
Chile,2025,12,1090.54,3248518.0
China,2020,9,0.0,2625.0
Colombia,2017,11,29.29,76700.0
Colombia,2018,1,0.96,3840.0
Colombia,2018,3,21.5,42844.0
Colombia,2018,4,0.09,2478.0
Colombia,2018,6,37.43,89072.0
Colombia,2018,7,18.36,43356.0
Colombia,2018,8,36.16,70400.0
Colombia,2018,9,72.32,140800.0
Colombia,2018,10,0.05,2019.0
Colombia,2018,11,79.55,154880.0
Colombia,2018,12,21.7,42240.0
Colombia,2019,1,43.39,84480.0
Colombia,2019,2,86.78,157440.0
Colombia,2019,3,65.09,126720.0
Colombia,2019,4,0.93,4281.0
Colombia,2019,5,21.7,46080.0
Colombia,2019,6,452.93,1023377.0
Colombia,2019,7,691.51,1627362.0
Colombia,2019,8,43.2,100092.0
Colombia,2019,9,0.9,3511.0
Colombia,2019,12,195.26,382503.0
Colombia,2020,1,260.16,515144.0
Colombia,2020,2,66.17,134033.0
Colombia,2020,5,0.92,3568.0
Colombia,2020,6,692.89,1389926.0
Colombia,2020,7,1317.83,2451319.0
Colombia,2020,8,568.7,1113390.0
Colombia,2020,9,41.58,87393.0
Colombia,2020,10,0.98,3841.0
Colombia,2020,11,67.8,156687.0
Colombia,2020,12,194.22,324178.0
Colombia,2021,1,65.98,119967.0
Colombia,2021,2,68.62,96034.0
Colombia,2021,3,46.71,63510.0
Colombia,2021,4,64.64,145693.0
Colombia,2021,5,65.09,126770.0
Colombia,2021,6,344.93,660336.0
Colombia,2021,7,671.16,1495122.0
Colombia,2021,8,586.12,1336254.0
Colombia,2021,9,473.5,1354840.0
Colombia,2021,10,65.2,248775.0
Colombia,2021,11,89.41,239759.0
Colombia,2021,12,695.09,1792192.0
Colombia,2022,1,428.34,1266782.0
Colombia,2022,2,1356.55,4016527.0
Colombia,2022,3,1187.23,3324085.0
Colombia,2022,4,581.56,1453149.0
Colombia,2022,5,2955.88,7870901.0
Colombia,2022,6,4648.12,11757692.0
Colombia,2022,7,4976.42,11569257.0
Colombia,2022,8,1184.59,2809929.0
Colombia,2022,9,331.24,754152.0
Colombia,2022,10,108.63,228743.0
Colombia,2022,11,886.19,1810855.0
Colombia,2022,12,604.96,1103126.0
Colombia,2023,1,758.15,1548459.0
Colombia,2023,2,931.91,1944819.0
Colombia,2023,3,1081.08,2188314.0
Colombia,2023,4,369.29,697933.0
Colombia,2023,5,791.25,1446443.0
Colombia,2023,6,1751.28,3323213.0
Colombia,2023,7,3049.34,6125771.0
Colombia,2023,8,3268.13,7320408.0
Colombia,2023,9,426.88,915799.0
Colombia,2023,10,43.58,69384.0
Colombia,2023,11,195.34,420746.0
Colombia,2023,12,980.09,2185815.0
Colombia,2024,1,1473.2,3806230.0
Colombia,2024,2,1556.05,3709812.0
Colombia,2024,3,165.41,362674.0
Colombia,2024,4,1797.17,3898684.0
Colombia,2024,5,6337.33,15369721.0
Colombia,2024,6,8049.28,19441541.0
Colombia,2024,7,6506.77,16896746.0
Colombia,2024,8,1864.9,4717343.0
Colombia,2024,9,346.23,875845.0
Colombia,2024,10,915.24,2250830.0
Colombia,2024,11,2440.71,5494865.0
Colombia,2024,12,5370.45,13681234.0
Colombia,2025,1,6539.76,18100652.0
Colombia,2025,2,8572.89,23110154.0
Colombia,2025,3,4311.78,11498714.0
Colombia,2025,4,5380.27,12791616.0
Colombia,2025,5,9568.92,20854341.0
Colombia,2025,6,9017.91,17908873.0
Colombia,2025,7,7109.79,13658606.0
Colombia,2025,8,3206.38,5881115.0
Colombia,2025,9,951.47,1884004.0
Colombia,2025,10,478.2,714010.0
Colombia,2025,11,301.86,408501.0
Colombia,2025,12,628.46,1035806.0
Dominican Republic,2017,1,3814.28,4088807.0
Dominican Republic,2017,2,2964.06,3457283.0
Dominican Republic,2017,3,2626.36,4374694.0
Dominican Republic,2017,4,617.48,1313600.0
Dominican Republic,2017,5,623.06,1308410.0
Dominican Republic,2017,6,367.24,545004.0
Dominican Republic,2017,7,578.58,748257.0
Dominican Republic,2017,8,533.63,604289.0
Dominican Republic,2017,9,1273.72,1397200.0
Dominican Republic,2017,10,3804.01,5458261.0
Dominican Republic,2017,11,3526.94,4844722.0
Dominican Republic,2017,12,3373.25,4203732.0
Dominican Republic,2018,1,3918.36,5152204.0
Dominican Republic,2018,2,2918.32,4111599.0
Dominican Republic,2018,3,2769.56,5258653.0
Dominican Republic,2018,4,1160.47,2651968.0
Dominican Republic,2018,5,1177.86,2701630.0
Dominican Republic,2018,6,721.88,1301650.0
Dominican Republic,2018,7,1033.5,1783870.0
Dominican Republic,2018,8,1404.73,1992603.0
Dominican Republic,2018,9,950.28,1093188.0
Dominican Republic,2018,10,2521.65,2934219.0
Dominican Republic,2018,11,4024.34,4164418.0
Dominican Republic,2018,12,3481.53,3513733.0
Dominican Republic,2019,1,3639.42,3932197.0
Dominican Republic,2019,2,3303.36,3976489.0
Dominican Republic,2019,3,3509.61,5482312.0
Dominican Republic,2019,4,2923.36,5753794.0
Dominican Republic,2019,5,2131.0,3976813.0
Dominican Republic,2019,6,637.3,1101287.0
Dominican Republic,2019,7,1427.69,2208248.0
Dominican Republic,2019,8,1222.28,1638024.0
Dominican Republic,2019,9,666.0,925269.0
Dominican Republic,2019,10,1960.52,2248943.0
Dominican Republic,2019,11,2407.77,2337955.0
Dominican Republic,2019,12,3212.89,3017343.0
Dominican Republic,2020,1,3871.78,4401713.0
Dominican Republic,2020,2,3717.37,5295796.0
Dominican Republic,2020,3,4532.19,8422641.0
Dominican Republic,2020,4,1481.57,2672182.0
Dominican Republic,2020,5,1581.91,3407262.0
Dominican Republic,2020,6,1744.41,3102084.0
Dominican Republic,2020,7,1442.97,1683647.0
Dominican Republic,2020,8,1342.64,1699533.0
Dominican Republic,2020,9,1638.63,2209615.0
Dominican Republic,2020,10,2305.39,2641095.0
Dominican Republic,2020,11,2933.37,2987961.0
Dominican Republic,2020,12,3449.53,3648217.0
Dominican Republic,2021,1,3734.69,4516930.0
Dominican Republic,2021,2,3457.67,4483961.0
Dominican Republic,2021,3,4518.47,7399123.0
Dominican Republic,2021,4,1827.93,3770238.0
Dominican Republic,2021,5,2483.59,5192248.0
Dominican Republic,2021,6,2664.57,3675087.0
Dominican Republic,2021,7,2184.38,2644901.0
Dominican Republic,2021,8,2681.9,3539716.0
Dominican Republic,2021,9,1933.64,2625762.0
Dominican Republic,2021,10,2969.39,4050441.0
Dominican Republic,2021,11,3678.97,4649282.0
Dominican Republic,2021,12,4062.92,4969838.0
Dominican Republic,2022,1,4320.14,5627955.0
Dominican Republic,2022,2,4703.36,6708403.0
Dominican Republic,2022,3,5880.08,9127730.0
Dominican Republic,2022,4,4050.69,6765712.0
Dominican Republic,2022,5,3998.25,7585398.0
Dominican Republic,2022,6,1514.43,2911955.0
Dominican Republic,2022,7,1554.0,2523898.0
Dominican Republic,2022,8,1659.33,2283445.0
Dominican Republic,2022,9,1612.49,1993867.0
Dominican Republic,2022,10,2286.51,3028405.0
Dominican Republic,2022,11,2631.41,3071520.0
Dominican Republic,2022,12,3055.21,3559119.0
Dominican Republic,2023,1,4254.58,5111479.0
Dominican Republic,2023,2,3994.59,4819149.0
Dominican Republic,2023,3,5540.49,7479203.0
Dominican Republic,2023,4,3590.77,5264715.0
Dominican Republic,2023,5,4606.92,8024120.0
Dominican Republic,2023,6,3704.64,5530493.0
Dominican Republic,2023,7,2939.81,4442883.0
Dominican Republic,2023,8,3147.51,5002162.0
Dominican Republic,2023,9,1762.58,2991204.0
Dominican Republic,2023,10,3125.45,4889560.0
Dominican Republic,2023,11,4196.12,6095667.0
Dominican Republic,2023,12,3354.79,4546337.0
Dominican Republic,2024,1,5125.77,6721511.0
Dominican Republic,2024,2,4022.73,5466980.0
Dominican Republic,2024,3,3388.94,4775329.0
Dominican Republic,2024,4,3085.42,5113090.0
Dominican Republic,2024,5,3661.51,6632935.0
Dominican Republic,2024,6,3434.65,5534393.0
Dominican Republic,2024,7,2847.35,4159707.0
Dominican Republic,2024,8,2308.96,3316109.0
Dominican Republic,2024,9,1889.49,2844646.0
Dominican Republic,2024,10,3524.19,4893301.0
Dominican Republic,2024,11,3674.85,4875942.0
Dominican Republic,2024,12,5521.85,7217310.0
Dominican Republic,2025,1,5895.66,7358268.0
Dominican Republic,2025,2,5924.22,7864914.0
Dominican Republic,2025,3,5299.9,7520778.0
Dominican Republic,2025,4,4119.81,5767481.0
Dominican Republic,2025,5,4254.67,4624314.0
Dominican Republic,2025,6,3492.93,3149524.0
Dominican Republic,2025,7,3377.78,3238271.0
Dominican Republic,2025,8,2637.86,2290698.0
Dominican Republic,2025,9,2867.93,3128561.0
Dominican Republic,2025,10,3277.92,2865904.0
Dominican Republic,2025,11,3755.15,3020516.0
Dominican Republic,2025,12,4460.69,3654996.0
Haiti,2020,8,10.9,5742.0
Jamaica,2017,10,0.89,2156.0
Jamaica,2018,9,0.6,2284.0
Jamaica,2022,9,1.02,2655.0
Jamaica,2022,10,1.06,2835.0
Jamaica,2023,9,0.52,2243.0
Mexico,2017,1,90275.6,193866630.0
Mexico,2017,2,66692.95,172909562.0
Mexico,2017,3,73229.92,215093448.0
Mexico,2017,4,69023.2,219972461.0
Mexico,2017,5,56802.29,188143132.0
Mexico,2017,6,51053.74,157186922.0
Mexico,2017,7,46745.58,140818639.0
Mexico,2017,8,48425.92,221753904.0
Mexico,2017,9,55755.9,279800207.0
Mexico,2017,10,65462.31,185145667.0
Mexico,2017,11,69112.37,152287450.0
Mexico,2017,12,82046.4,207672711.0
Mexico,2018,1,93731.96,203267358.0
Mexico,2018,2,80709.83,178032003.0
Mexico,2018,3,89194.65,201603068.0
Mexico,2018,4,88208.01,220443464.0
Mexico,2018,5,75307.49,173384947.0
Mexico,2018,6,67731.1,149922336.0
Mexico,2018,7,55331.19,134236906.0
Mexico,2018,8,59113.71,198680193.0
Mexico,2018,9,59736.07,146976522.0
Mexico,2018,10,77771.73,155738476.0
Mexico,2018,11,71570.13,162550736.0
Mexico,2018,12,85485.04,146367122.0
Mexico,2019,1,117594.32,208035925.0
Mexico,2019,2,91107.3,159064725.0
Mexico,2019,3,105305.02,212409135.0
Mexico,2019,4,90528.72,315007842.0
Mexico,2019,5,69755.02,243236164.0
Mexico,2019,6,34103.65,156251465.0
Mexico,2019,7,50546.76,193273060.0
Mexico,2019,8,60913.35,193724689.0
Mexico,2019,9,83512.68,201925110.0
Mexico,2019,10,94414.9,202350239.0
Mexico,2019,11,85872.51,173529920.0
Mexico,2019,12,92774.99,194183290.0
Mexico,2020,1,116849.67,275265757.0
Mexico,2020,2,80264.36,231619543.0
Mexico,2020,3,77382.16,238739538.0
Mexico,2020,4,71235.49,186986495.0
Mexico,2020,5,79241.62,193468287.0
Mexico,2020,6,70529.33,166553273.0
Mexico,2020,7,62600.26,134120556.0
Mexico,2020,8,68309.34,150496368.0
Mexico,2020,9,82041.48,161820612.0
Mexico,2020,10,105206.45,180411528.0
Mexico,2020,11,94111.83,146354481.0
Mexico,2020,12,96833.24,151406981.0
Mexico,2021,1,131092.34,227241157.0
Mexico,2021,2,96623.84,184053731.0
Mexico,2021,3,111293.83,307434879.0
Mexico,2021,4,90804.55,244958285.0
Mexico,2021,5,85793.14,211767984.0
Mexico,2021,6,78610.16,185125243.0
Mexico,2021,7,71073.52,191685281.0
Mexico,2021,8,58337.65,194155752.0
Mexico,2021,9,78737.04,258760122.0
Mexico,2021,10,91101.85,230609410.0
Mexico,2021,11,94475.43,250927837.0
Mexico,2021,12,97112.91,291652177.0
Mexico,2022,1,106367.31,355820401.0
Mexico,2022,2,60671.11,206324460.0
Mexico,2022,3,86285.82,317532526.0
Mexico,2022,4,77327.99,347345901.0
Mexico,2022,5,59078.53,285529232.0
Mexico,2022,6,39496.44,220655711.0
Mexico,2022,7,53654.93,200841919.0
Mexico,2022,8,72344.15,191063622.0
Mexico,2022,9,87937.03,187823950.0
Mexico,2022,10,102728.09,200758032.0
Mexico,2022,11,91715.67,164937411.0
Mexico,2022,12,108882.43,192250232.0
Mexico,2023,1,119377.96,215386293.0
Mexico,2023,2,95056.57,176141306.0
Mexico,2023,3,126480.51,284233263.0
Mexico,2023,4,107273.42,238763497.0
Mexico,2023,5,93269.0,199081574.0
Mexico,2023,6,69655.6,197984853.0
Mexico,2023,7,55488.22,204705038.0
Mexico,2023,8,69608.58,252198789.0
Mexico,2023,9,92114.96,259096456.0
Mexico,2023,10,98356.71,236111472.0
Mexico,2023,11,93669.62,218768543.0
Mexico,2023,12,103655.74,241714763.0
Mexico,2024,1,121201.58,294243792.0
Mexico,2024,2,106365.85,275254848.0
Mexico,2024,3,116958.86,338011710.0
Mexico,2024,4,101092.04,327325506.0
Mexico,2024,5,71738.11,236563860.0
Mexico,2024,6,46599.62,190953169.0
Mexico,2024,7,48980.8,197948712.0
Mexico,2024,8,73957.53,321109498.0
Mexico,2024,9,85292.98,290941205.0
Mexico,2024,10,109847.02,350188440.0
Mexico,2024,11,96437.95,303353567.0
Mexico,2024,12,87885.28,292256175.0
Mexico,2025,1,117850.26,476631025.0
Mexico,2025,2,77542.7,303901461.0
Mexico,2025,3,99376.59,412328780.0
Mexico,2025,4,73217.68,300066715.0
Mexico,2025,5,69792.7,267357080.0
Mexico,2025,6,63640.15,228010241.0
Mexico,2025,7,71446.29,208557621.0
Mexico,2025,8,83998.51,195324840.0
Mexico,2025,9,94283.78,191454475.0
Mexico,2025,10,113533.8,222659893.0
Mexico,2025,11,108656.35,209533419.0
Mexico,2025,12,110905.01,207064118.0
Mongolia,2023,1,4.52,5200.0
New Zealand,2019,12,0.65,2400.0
New Zealand,2023,11,17.08,47653.0
New Zealand,2024,9,2.46,2339.0
New Zealand,2024,10,53.25,191520.0
New Zealand,2024,11,35.39,113333.0
New Zealand,2025,8,38.4,108800.0
New Zealand,2025,9,96.0,264000.0
New Zealand,2025,10,57.4,122852.0
New Zealand,2025,11,57.56,116257.0
Peru,2017,4,86.81,249373.0
Peru,2017,5,7595.19,20853298.0
Peru,2017,6,23500.95,63365688.0
Peru,2017,7,16219.39,39487012.0
Peru,2017,8,13059.52,30127230.0
Peru,2017,9,3958.47,10478521.0
Peru,2018,5,1392.19,3300179.0
Peru,2018,6,12838.23,28893146.0
Peru,2018,7,23905.38,52071713.0
Peru,2018,8,29081.83,60729438.0
Peru,2018,9,13070.66,28446794.0
Peru,2018,10,1604.68,3966746.0
Peru,2019,2,21.77,47900.0
Peru,2019,4,580.29,1421216.0
Peru,2019,5,9207.27,23555981.0
Peru,2019,6,23476.3,60352842.0
Peru,2019,7,35623.44,96894691.0
Peru,2019,8,14529.11,39354233.0
Peru,2019,9,1636.13,4247122.0
Peru,2019,10,99.54,73181.0
Peru,2020,3,161.13,451954.0
Peru,2020,4,351.71,1104256.0
Peru,2020,5,3040.83,7329871.0
Peru,2020,6,22960.62,53567893.0
Peru,2020,7,28528.33,63920876.0
Peru,2020,8,16871.78,36824669.0
Peru,2020,9,5485.5,11057574.0
Peru,2021,3,86.57,263933.0
Peru,2021,4,322.97,1284509.0
Peru,2021,5,2037.88,4895878.0
Peru,2021,6,16490.29,35096640.0
Peru,2021,7,27084.55,58233127.0
Peru,2021,8,20329.5,45537548.0
Peru,2021,9,15245.75,32295302.0
Peru,2021,10,2931.58,5869531.0
Peru,2022,3,252.45,895654.0
Peru,2022,4,517.4,1709507.0
Peru,2022,5,9762.23,24864077.0
Peru,2022,6,27274.93,61278704.0
Peru,2022,7,35564.14,78502985.0
Peru,2022,8,36752.35,80883556.0
Peru,2022,9,11832.83,21429992.0
Peru,2022,10,356.35,582298.0
Peru,2023,3,108.86,291192.0
Peru,2023,4,402.06,1137802.0
Peru,2023,5,4413.31,9741300.0
Peru,2023,6,14708.99,27760356.0
Peru,2023,7,22303.78,42180890.0
Peru,2023,8,24169.51,47438159.0
Peru,2023,9,8505.96,17131930.0
Peru,2023,10,124.82,219383.0
Peru,2024,2,24.0,66130.0
Peru,2024,3,239.5,669455.0
Peru,2024,4,1505.87,4593997.0
Peru,2024,5,5339.13,14481397.0
Peru,2024,6,16986.91,46526258.0
Peru,2024,7,26200.32,70946442.0
Peru,2024,8,13233.06,34094631.0
Peru,2024,9,2333.2,5888666.0
Peru,2024,10,2.88,5760.0
Peru,2024,11,7.2,14400.0
Peru,2025,3,757.78,2805003.0
Peru,2025,4,5149.24,16382354.0
Peru,2025,5,15028.93,37251929.0
Peru,2025,6,25285.13,53881865.0
Peru,2025,7,26155.83,50700662.0
Peru,2025,8,18774.85,37241184.0
Peru,2025,9,9006.13,17718726.0
Peru,2025,10,581.31,994893.0
Spain,2019,3,19.14,65062.0
Uganda,2020,7,11.1,10000.0
World,2017,1,97218.33,207387693.0
World,2017,2,71648.17,182421005.0
World,2017,3,77750.76,224948272.0
World,2017,4,70743.83,224357355.0
World,2017,5,65170.2,210834360.0
World,2017,6,74921.94,221097614.0
World,2017,7,63543.55,181053908.0
World,2017,8,63785.02,257136909.0
World,2017,9,71726.43,322733394.0
World,2017,10,79998.96,220882989.0
World,2017,11,77021.7,170644412.0
World,2017,12,86669.11,216060704.0
World,2018,1,98266.47,210445828.0
World,2018,2,83628.16,182143602.0
World,2018,3,91985.72,206904565.0
World,2018,4,89368.57,223097910.0
World,2018,5,77877.53,179386756.0
World,2018,6,81328.64,180206204.0
World,2018,7,80288.43,188135845.0
World,2018,8,90106.56,262476698.0
World,2018,9,80490.39,190508947.0
World,2018,10,90063.99,182852855.0
World,2018,11,80097.56,178488514.0
World,2018,12,94295.63,163002011.0
World,2019,1,123433.08,217388714.0
World,2019,2,95193.73,164953938.0
World,2019,3,109042.04,218438810.0
World,2019,4,94033.29,322187133.0
World,2019,5,81114.99,270815038.0
World,2019,6,58670.17,218728971.0
World,2019,7,88289.94,294006442.0
World,2019,8,77763.6,237703336.0
World,2019,9,91695.85,224019465.0
World,2019,10,100379.08,216134625.0
World,2019,11,88862.62,177547805.0
World,2019,12,96712.46,199265272.0
World,2020,1,121244.53,280969814.0
World,2020,2,84048.99,237054916.0
World,2020,3,82075.48,247614133.0
World,2020,4,73068.77,190762933.0
World,2020,5,83865.27,204208988.0
World,2020,6,95927.24,224613176.0
World,2020,7,93900.5,202186398.0
World,2020,8,87103.37,190139702.0
World,2020,9,89757.13,176519036.0
World,2020,10,107899.65,184164839.0
World,2020,11,97131.15,149534661.0
World,2020,12,100476.99,155379376.0
World,2021,1,134893.01,231878054.0
World,2021,2,100150.14,188633726.0
World,2021,3,115945.58,315161445.0
World,2021,4,93020.09,250158725.0
World,2021,5,90379.82,221985798.0
World,2021,6,98109.96,224557306.0
World,2021,7,101013.6,254058431.0
World,2021,8,81935.17,244569270.0
World,2021,9,96835.58,296437098.0
World,2021,10,98804.02,245734692.0
World,2021,11,99539.18,259277078.0
World,2021,12,102468.45,299785471.0
World,2022,1,111695.54,364382706.0
World,2022,2,68885.57,223638772.0
World,2022,3,94499.05,333745699.0
World,2022,4,82559.53,357579717.0
World,2022,5,75794.89,325849608.0
World,2022,6,72933.92,296604062.0
World,2022,7,95749.49,293438059.0
World,2022,8,111940.42,277040552.0
World,2022,9,101970.29,212863816.0
World,2022,10,106716.04,208352485.0
World,2022,11,96844.68,174568390.0
World,2022,12,113155.32,198757117.0
World,2023,1,124556.48,222605831.0
World,2023,2,99983.08,182905274.0
World,2023,3,133210.95,294191972.0
World,2023,4,111635.54,245863947.0
World,2023,5,103080.48,218293437.0
World,2023,6,89820.51,234598915.0
World,2023,7,83781.14,257454582.0
World,2023,8,100193.73,311959518.0
World,2023,9,104027.43,284650108.0
World,2023,10,104035.87,249764743.0
World,2023,11,98927.41,228434753.0
World,2023,12,108247.26,249462115.0
World,2024,1,127821.89,304857933.0
World,2024,2,111968.63,284497770.0
World,2024,3,120752.72,343819168.0
World,2024,4,107480.51,340931277.0
World,2024,5,87076.08,273047913.0
World,2024,6,75070.45,262455361.0
World,2024,7,84535.24,289951607.0
World,2024,8,91699.76,364520621.0
World,2024,9,92156.42,308521270.0
World,2024,10,115762.02,362694995.0
World,2024,11,103878.47,318812907.0
World,2024,12,98992.63,313730719.0
World,2025,1,131118.95,505107441.0
World,2025,2,93900.7,341803649.0
World,2025,3,112278.3,443411563.0
World,2025,4,88597.88,337954714.0
World,2025,5,98666.71,330174064.0
World,2025,6,101436.13,302950503.0
World,2025,7,108089.69,276155160.0
World,2025,8,108655.99,240846637.0
World,2025,9,107205.32,214449766.0
World,2025,10,119197.83,231289056.0
World,2025,11,114204.18,217306937.0
World,2025,12,117084.7,215003438.0
